BARCODE_1	BARCODE_2	OUTPUT_PREFIX
N	N	/volume/babylon/brooklyn/work/151023_NB501157_0004_AHK5NHBGXX/fastq_demultiplexed/demultiplexed_undetermined
TAAGGCGA	TCTTACGC	/volume/babylon/brooklyn/work/151023_NB501157_0004_AHK5NHBGXX/fastq_demultiplexed/demultiplexed_TAAGGCGATCTTACGC
CGTACTAG	TCTTACGC	/volume/babylon/brooklyn/work/151023_NB501157_0004_AHK5NHBGXX/fastq_demultiplexed/demultiplexed_CGTACTAGTCTTACGC
AGGCAGAA	TCTTACGC	/volume/babylon/brooklyn/work/151023_NB501157_0004_AHK5NHBGXX/fastq_demultiplexed/demultiplexed_AGGCAGAATCTTACGC
TCCTGAGC	TCTTACGC	/volume/babylon/brooklyn/work/151023_NB501157_0004_AHK5NHBGXX/fastq_demultiplexed/demultiplexed_TCCTGAGCTCTTACGC
GGACTCCT	TCTTACGC	/volume/babylon/brooklyn/work/151023_NB501157_0004_AHK5NHBGXX/fastq_demultiplexed/demultiplexed_GGACTCCTTCTTACGC
TAGGCATG	TCTTACGC	/volume/babylon/brooklyn/work/151023_NB501157_0004_AHK5NHBGXX/fastq_demultiplexed/demultiplexed_TAGGCATGTCTTACGC
CTCTCTAC	TCTTACGC	/volume/babylon/brooklyn/work/151023_NB501157_0004_AHK5NHBGXX/fastq_demultiplexed/demultiplexed_CTCTCTACTCTTACGC
CAGAGAGG	TCTTACGC	/volume/babylon/brooklyn/work/151023_NB501157_0004_AHK5NHBGXX/fastq_demultiplexed/demultiplexed_CAGAGAGGTCTTACGC
GCTACGCT	TCTTACGC	/volume/babylon/brooklyn/work/151023_NB501157_0004_AHK5NHBGXX/fastq_demultiplexed/demultiplexed_GCTACGCTTCTTACGC
CGAGGCTG	TCTTACGC	/volume/babylon/brooklyn/work/151023_NB501157_0004_AHK5NHBGXX/fastq_demultiplexed/demultiplexed_CGAGGCTGTCTTACGC
AAGAGGCA	TCTTACGC	/volume/babylon/brooklyn/work/151023_NB501157_0004_AHK5NHBGXX/fastq_demultiplexed/demultiplexed_AAGAGGCATCTTACGC
GTAGAGGA	TCTTACGC	/volume/babylon/brooklyn/work/151023_NB501157_0004_AHK5NHBGXX/fastq_demultiplexed/demultiplexed_GTAGAGGATCTTACGC
TAAGGCGA	ATAGAGAG	/volume/babylon/brooklyn/work/151023_NB501157_0004_AHK5NHBGXX/fastq_demultiplexed/demultiplexed_TAAGGCGAATAGAGAG
CGTACTAG	ATAGAGAG	/volume/babylon/brooklyn/work/151023_NB501157_0004_AHK5NHBGXX/fastq_demultiplexed/demultiplexed_CGTACTAGATAGAGAG
AGGCAGAA	ATAGAGAG	/volume/babylon/brooklyn/work/151023_NB501157_0004_AHK5NHBGXX/fastq_demultiplexed/demultiplexed_AGGCAGAAATAGAGAG
TCCTGAGC	ATAGAGAG	/volume/babylon/brooklyn/work/151023_NB501157_0004_AHK5NHBGXX/fastq_demultiplexed/demultiplexed_TCCTGAGCATAGAGAG
GGACTCCT	ATAGAGAG	/volume/babylon/brooklyn/work/151023_NB501157_0004_AHK5NHBGXX/fastq_demultiplexed/demultiplexed_GGACTCCTATAGAGAG
TAGGCATG	ATAGAGAG	/volume/babylon/brooklyn/work/151023_NB501157_0004_AHK5NHBGXX/fastq_demultiplexed/demultiplexed_TAGGCATGATAGAGAG
CTCTCTAC	ATAGAGAG	/volume/babylon/brooklyn/work/151023_NB501157_0004_AHK5NHBGXX/fastq_demultiplexed/demultiplexed_CTCTCTACATAGAGAG
CAGAGAGG	ATAGAGAG	/volume/babylon/brooklyn/work/151023_NB501157_0004_AHK5NHBGXX/fastq_demultiplexed/demultiplexed_CAGAGAGGATAGAGAG
GCTACGCT	ATAGAGAG	/volume/babylon/brooklyn/work/151023_NB501157_0004_AHK5NHBGXX/fastq_demultiplexed/demultiplexed_GCTACGCTATAGAGAG
CGAGGCTG	ATAGAGAG	/volume/babylon/brooklyn/work/151023_NB501157_0004_AHK5NHBGXX/fastq_demultiplexed/demultiplexed_CGAGGCTGATAGAGAG
AAGAGGCA	ATAGAGAG	/volume/babylon/brooklyn/work/151023_NB501157_0004_AHK5NHBGXX/fastq_demultiplexed/demultiplexed_AAGAGGCAATAGAGAG
GTAGAGGA	ATAGAGAG	/volume/babylon/brooklyn/work/151023_NB501157_0004_AHK5NHBGXX/fastq_demultiplexed/demultiplexed_GTAGAGGAATAGAGAG
TAAGGCGA	AGAGGATA	/volume/babylon/brooklyn/work/151023_NB501157_0004_AHK5NHBGXX/fastq_demultiplexed/demultiplexed_TAAGGCGAAGAGGATA
CGTACTAG	AGAGGATA	/volume/babylon/brooklyn/work/151023_NB501157_0004_AHK5NHBGXX/fastq_demultiplexed/demultiplexed_CGTACTAGAGAGGATA
AGGCAGAA	AGAGGATA	/volume/babylon/brooklyn/work/151023_NB501157_0004_AHK5NHBGXX/fastq_demultiplexed/demultiplexed_AGGCAGAAAGAGGATA
TCCTGAGC	AGAGGATA	/volume/babylon/brooklyn/work/151023_NB501157_0004_AHK5NHBGXX/fastq_demultiplexed/demultiplexed_TCCTGAGCAGAGGATA
GGACTCCT	AGAGGATA	/volume/babylon/brooklyn/work/151023_NB501157_0004_AHK5NHBGXX/fastq_demultiplexed/demultiplexed_GGACTCCTAGAGGATA
TAGGCATG	AGAGGATA	/volume/babylon/brooklyn/work/151023_NB501157_0004_AHK5NHBGXX/fastq_demultiplexed/demultiplexed_TAGGCATGAGAGGATA
CTCTCTAC	AGAGGATA	/volume/babylon/brooklyn/work/151023_NB501157_0004_AHK5NHBGXX/fastq_demultiplexed/demultiplexed_CTCTCTACAGAGGATA
CAGAGAGG	AGAGGATA	/volume/babylon/brooklyn/work/151023_NB501157_0004_AHK5NHBGXX/fastq_demultiplexed/demultiplexed_CAGAGAGGAGAGGATA
GCTACGCT	AGAGGATA	/volume/babylon/brooklyn/work/151023_NB501157_0004_AHK5NHBGXX/fastq_demultiplexed/demultiplexed_GCTACGCTAGAGGATA
CGAGGCTG	AGAGGATA	/volume/babylon/brooklyn/work/151023_NB501157_0004_AHK5NHBGXX/fastq_demultiplexed/demultiplexed_CGAGGCTGAGAGGATA
AAGAGGCA	AGAGGATA	/volume/babylon/brooklyn/work/151023_NB501157_0004_AHK5NHBGXX/fastq_demultiplexed/demultiplexed_AAGAGGCAAGAGGATA
GTAGAGGA	AGAGGATA	/volume/babylon/brooklyn/work/151023_NB501157_0004_AHK5NHBGXX/fastq_demultiplexed/demultiplexed_GTAGAGGAAGAGGATA
TAAGGCGA	TCTACTCT	/volume/babylon/brooklyn/work/151023_NB501157_0004_AHK5NHBGXX/fastq_demultiplexed/demultiplexed_TAAGGCGATCTACTCT
CGTACTAG	TCTACTCT	/volume/babylon/brooklyn/work/151023_NB501157_0004_AHK5NHBGXX/fastq_demultiplexed/demultiplexed_CGTACTAGTCTACTCT
AGGCAGAA	TCTACTCT	/volume/babylon/brooklyn/work/151023_NB501157_0004_AHK5NHBGXX/fastq_demultiplexed/demultiplexed_AGGCAGAATCTACTCT
TCCTGAGC	TCTACTCT	/volume/babylon/brooklyn/work/151023_NB501157_0004_AHK5NHBGXX/fastq_demultiplexed/demultiplexed_TCCTGAGCTCTACTCT
GGACTCCT	TCTACTCT	/volume/babylon/brooklyn/work/151023_NB501157_0004_AHK5NHBGXX/fastq_demultiplexed/demultiplexed_GGACTCCTTCTACTCT
TAGGCATG	TCTACTCT	/volume/babylon/brooklyn/work/151023_NB501157_0004_AHK5NHBGXX/fastq_demultiplexed/demultiplexed_TAGGCATGTCTACTCT
CTCTCTAC	TCTACTCT	/volume/babylon/brooklyn/work/151023_NB501157_0004_AHK5NHBGXX/fastq_demultiplexed/demultiplexed_CTCTCTACTCTACTCT
CAGAGAGG	TCTACTCT	/volume/babylon/brooklyn/work/151023_NB501157_0004_AHK5NHBGXX/fastq_demultiplexed/demultiplexed_CAGAGAGGTCTACTCT
GCTACGCT	TCTACTCT	/volume/babylon/brooklyn/work/151023_NB501157_0004_AHK5NHBGXX/fastq_demultiplexed/demultiplexed_GCTACGCTTCTACTCT
CGAGGCTG	TCTACTCT	/volume/babylon/brooklyn/work/151023_NB501157_0004_AHK5NHBGXX/fastq_demultiplexed/demultiplexed_CGAGGCTGTCTACTCT
AAGAGGCA	TCTACTCT	/volume/babylon/brooklyn/work/151023_NB501157_0004_AHK5NHBGXX/fastq_demultiplexed/demultiplexed_AAGAGGCATCTACTCT
GTAGAGGA	TCTACTCT	/volume/babylon/brooklyn/work/151023_NB501157_0004_AHK5NHBGXX/fastq_demultiplexed/demultiplexed_GTAGAGGATCTACTCT
TAAGGCGA	CTCCTTAC	/volume/babylon/brooklyn/work/151023_NB501157_0004_AHK5NHBGXX/fastq_demultiplexed/demultiplexed_TAAGGCGACTCCTTAC
CGTACTAG	CTCCTTAC	/volume/babylon/brooklyn/work/151023_NB501157_0004_AHK5NHBGXX/fastq_demultiplexed/demultiplexed_CGTACTAGCTCCTTAC
AGGCAGAA	CTCCTTAC	/volume/babylon/brooklyn/work/151023_NB501157_0004_AHK5NHBGXX/fastq_demultiplexed/demultiplexed_AGGCAGAACTCCTTAC
TCCTGAGC	CTCCTTAC	/volume/babylon/brooklyn/work/151023_NB501157_0004_AHK5NHBGXX/fastq_demultiplexed/demultiplexed_TCCTGAGCCTCCTTAC
GGACTCCT	CTCCTTAC	/volume/babylon/brooklyn/work/151023_NB501157_0004_AHK5NHBGXX/fastq_demultiplexed/demultiplexed_GGACTCCTCTCCTTAC
TAGGCATG	CTCCTTAC	/volume/babylon/brooklyn/work/151023_NB501157_0004_AHK5NHBGXX/fastq_demultiplexed/demultiplexed_TAGGCATGCTCCTTAC
CTCTCTAC	CTCCTTAC	/volume/babylon/brooklyn/work/151023_NB501157_0004_AHK5NHBGXX/fastq_demultiplexed/demultiplexed_CTCTCTACCTCCTTAC
CAGAGAGG	CTCCTTAC	/volume/babylon/brooklyn/work/151023_NB501157_0004_AHK5NHBGXX/fastq_demultiplexed/demultiplexed_CAGAGAGGCTCCTTAC
GCTACGCT	CTCCTTAC	/volume/babylon/brooklyn/work/151023_NB501157_0004_AHK5NHBGXX/fastq_demultiplexed/demultiplexed_GCTACGCTCTCCTTAC
CGAGGCTG	CTCCTTAC	/volume/babylon/brooklyn/work/151023_NB501157_0004_AHK5NHBGXX/fastq_demultiplexed/demultiplexed_CGAGGCTGCTCCTTAC
AAGAGGCA	CTCCTTAC	/volume/babylon/brooklyn/work/151023_NB501157_0004_AHK5NHBGXX/fastq_demultiplexed/demultiplexed_AAGAGGCACTCCTTAC
GTAGAGGA	CTCCTTAC	/volume/babylon/brooklyn/work/151023_NB501157_0004_AHK5NHBGXX/fastq_demultiplexed/demultiplexed_GTAGAGGACTCCTTAC
TAAGGCGA	TATGCAGT	/volume/babylon/brooklyn/work/151023_NB501157_0004_AHK5NHBGXX/fastq_demultiplexed/demultiplexed_TAAGGCGATATGCAGT
CGTACTAG	TATGCAGT	/volume/babylon/brooklyn/work/151023_NB501157_0004_AHK5NHBGXX/fastq_demultiplexed/demultiplexed_CGTACTAGTATGCAGT
AGGCAGAA	TATGCAGT	/volume/babylon/brooklyn/work/151023_NB501157_0004_AHK5NHBGXX/fastq_demultiplexed/demultiplexed_AGGCAGAATATGCAGT
TCCTGAGC	TATGCAGT	/volume/babylon/brooklyn/work/151023_NB501157_0004_AHK5NHBGXX/fastq_demultiplexed/demultiplexed_TCCTGAGCTATGCAGT
GGACTCCT	TATGCAGT	/volume/babylon/brooklyn/work/151023_NB501157_0004_AHK5NHBGXX/fastq_demultiplexed/demultiplexed_GGACTCCTTATGCAGT
TAGGCATG	TATGCAGT	/volume/babylon/brooklyn/work/151023_NB501157_0004_AHK5NHBGXX/fastq_demultiplexed/demultiplexed_TAGGCATGTATGCAGT
CTCTCTAC	TATGCAGT	/volume/babylon/brooklyn/work/151023_NB501157_0004_AHK5NHBGXX/fastq_demultiplexed/demultiplexed_CTCTCTACTATGCAGT
CAGAGAGG	TATGCAGT	/volume/babylon/brooklyn/work/151023_NB501157_0004_AHK5NHBGXX/fastq_demultiplexed/demultiplexed_CAGAGAGGTATGCAGT
GCTACGCT	TATGCAGT	/volume/babylon/brooklyn/work/151023_NB501157_0004_AHK5NHBGXX/fastq_demultiplexed/demultiplexed_GCTACGCTTATGCAGT
CGAGGCTG	TATGCAGT	/volume/babylon/brooklyn/work/151023_NB501157_0004_AHK5NHBGXX/fastq_demultiplexed/demultiplexed_CGAGGCTGTATGCAGT
AAGAGGCA	TATGCAGT	/volume/babylon/brooklyn/work/151023_NB501157_0004_AHK5NHBGXX/fastq_demultiplexed/demultiplexed_AAGAGGCATATGCAGT
GTAGAGGA	TATGCAGT	/volume/babylon/brooklyn/work/151023_NB501157_0004_AHK5NHBGXX/fastq_demultiplexed/demultiplexed_GTAGAGGATATGCAGT
TAAGGCGA	TACTCCTT	/volume/babylon/brooklyn/work/151023_NB501157_0004_AHK5NHBGXX/fastq_demultiplexed/demultiplexed_TAAGGCGATACTCCTT
CGTACTAG	TACTCCTT	/volume/babylon/brooklyn/work/151023_NB501157_0004_AHK5NHBGXX/fastq_demultiplexed/demultiplexed_CGTACTAGTACTCCTT
AGGCAGAA	TACTCCTT	/volume/babylon/brooklyn/work/151023_NB501157_0004_AHK5NHBGXX/fastq_demultiplexed/demultiplexed_AGGCAGAATACTCCTT
TCCTGAGC	TACTCCTT	/volume/babylon/brooklyn/work/151023_NB501157_0004_AHK5NHBGXX/fastq_demultiplexed/demultiplexed_TCCTGAGCTACTCCTT
GGACTCCT	TACTCCTT	/volume/babylon/brooklyn/work/151023_NB501157_0004_AHK5NHBGXX/fastq_demultiplexed/demultiplexed_GGACTCCTTACTCCTT
TAGGCATG	TACTCCTT	/volume/babylon/brooklyn/work/151023_NB501157_0004_AHK5NHBGXX/fastq_demultiplexed/demultiplexed_TAGGCATGTACTCCTT
CTCTCTAC	TACTCCTT	/volume/babylon/brooklyn/work/151023_NB501157_0004_AHK5NHBGXX/fastq_demultiplexed/demultiplexed_CTCTCTACTACTCCTT
CAGAGAGG	TACTCCTT	/volume/babylon/brooklyn/work/151023_NB501157_0004_AHK5NHBGXX/fastq_demultiplexed/demultiplexed_CAGAGAGGTACTCCTT
GCTACGCT	TACTCCTT	/volume/babylon/brooklyn/work/151023_NB501157_0004_AHK5NHBGXX/fastq_demultiplexed/demultiplexed_GCTACGCTTACTCCTT
CGAGGCTG	TACTCCTT	/volume/babylon/brooklyn/work/151023_NB501157_0004_AHK5NHBGXX/fastq_demultiplexed/demultiplexed_CGAGGCTGTACTCCTT
AAGAGGCA	TACTCCTT	/volume/babylon/brooklyn/work/151023_NB501157_0004_AHK5NHBGXX/fastq_demultiplexed/demultiplexed_AAGAGGCATACTCCTT
GTAGAGGA	TACTCCTT	/volume/babylon/brooklyn/work/151023_NB501157_0004_AHK5NHBGXX/fastq_demultiplexed/demultiplexed_GTAGAGGATACTCCTT
TAAGGCGA	AGGCTTAG	/volume/babylon/brooklyn/work/151023_NB501157_0004_AHK5NHBGXX/fastq_demultiplexed/demultiplexed_TAAGGCGAAGGCTTAG
CGTACTAG	AGGCTTAG	/volume/babylon/brooklyn/work/151023_NB501157_0004_AHK5NHBGXX/fastq_demultiplexed/demultiplexed_CGTACTAGAGGCTTAG
AGGCAGAA	AGGCTTAG	/volume/babylon/brooklyn/work/151023_NB501157_0004_AHK5NHBGXX/fastq_demultiplexed/demultiplexed_AGGCAGAAAGGCTTAG
TCCTGAGC	AGGCTTAG	/volume/babylon/brooklyn/work/151023_NB501157_0004_AHK5NHBGXX/fastq_demultiplexed/demultiplexed_TCCTGAGCAGGCTTAG
GGACTCCT	AGGCTTAG	/volume/babylon/brooklyn/work/151023_NB501157_0004_AHK5NHBGXX/fastq_demultiplexed/demultiplexed_GGACTCCTAGGCTTAG
TAGGCATG	AGGCTTAG	/volume/babylon/brooklyn/work/151023_NB501157_0004_AHK5NHBGXX/fastq_demultiplexed/demultiplexed_TAGGCATGAGGCTTAG
CTCTCTAC	AGGCTTAG	/volume/babylon/brooklyn/work/151023_NB501157_0004_AHK5NHBGXX/fastq_demultiplexed/demultiplexed_CTCTCTACAGGCTTAG
CAGAGAGG	AGGCTTAG	/volume/babylon/brooklyn/work/151023_NB501157_0004_AHK5NHBGXX/fastq_demultiplexed/demultiplexed_CAGAGAGGAGGCTTAG
GCTACGCT	AGGCTTAG	/volume/babylon/brooklyn/work/151023_NB501157_0004_AHK5NHBGXX/fastq_demultiplexed/demultiplexed_GCTACGCTAGGCTTAG
CGAGGCTG	AGGCTTAG	/volume/babylon/brooklyn/work/151023_NB501157_0004_AHK5NHBGXX/fastq_demultiplexed/demultiplexed_CGAGGCTGAGGCTTAG
AAGAGGCA	AGGCTTAG	/volume/babylon/brooklyn/work/151023_NB501157_0004_AHK5NHBGXX/fastq_demultiplexed/demultiplexed_AAGAGGCAAGGCTTAG
GTAGAGGA	AGGCTTAG	/volume/babylon/brooklyn/work/151023_NB501157_0004_AHK5NHBGXX/fastq_demultiplexed/demultiplexed_GTAGAGGAAGGCTTAG