[Header],,,,,,,,,
IEMFileVersion,5,,,,,,,,
Date,18/06/2018,,,,,,,,
Workflow,GenerateFASTQ,,,,,,,,
Application,NextSeq FASTQ Only,,,,,,,,
Instrument Type,NextSeq/MiniSeq,,,,,,,,
Assay,Nextera XT,,,,,,,,
Index Adapters,Nextera XT v2 Index Kit A,,,,,,,,
Description,,,,,,,,,
Chemistry,Amplicon,,,,,,,,
,,,,,,,,,
[Reads],,,,,,,,,
151,,,,,,,,,
151,,,,,,,,,
,,,,,,,,,
[Settings],,,,,,,,,
Adapter,CTGTCTCTTATACACATCT,,,,,,,,
,,,,,,,,,
[Data],,,,,,,,,
Sample_ID,Sample_Name,Sample_Plate,Sample_Well,I7_Index_ID,index,I5_Index_ID,index2,Sample_Project,Description
"ABHetDay0Well_A1",,,,N722,ATGCGCAG,S511,CGGAGAGA,,
"ABHetDay0Well_A2",,,,N721,TACGCTGC,S511,CGGAGAGA,,
"ABHetDay0Well_A3",,,,N724,ACTGAGCG,S511,CGGAGAGA,,
"ABHetDay0Well_A4",,,,N723,TAGCGCTC,S511,CGGAGAGA,,
"ABHetDay0Well_A5",,,,N719,GCGTAGTA,S511,CGGAGAGA,,
"ABHetDay0Well_A6",,,,N728,TGCAGCTA,S511,CGGAGAGA,,
"ABHetDay0Well_A7",,,,N727,CGATCAGT,S511,CGGAGAGA,,
"ABHetDay0Well_A8",,,,N729,TCGACGTC,S511,CGGAGAGA,,
"ABHetDay0Well_B1",,,,N722,ATGCGCAG,S505,CTCCTTAC,,
"ABHetDay0Well_B2",,,,N721,TACGCTGC,S505,CTCCTTAC,,
"ABHetDay0Well_B3",,,,N724,ACTGAGCG,S505,CTCCTTAC,,
"ABHetDay0Well_B4",,,,N723,TAGCGCTC,S505,CTCCTTAC,,
"ABHetDay0Well_B5",,,,N719,GCGTAGTA,S505,CTCCTTAC,,
"ABHetDay0Well_B6",,,,N728,TGCAGCTA,S505,CTCCTTAC,,
"ABHetDay0Well_B7",,,,N727,CGATCAGT,S505,CTCCTTAC,,
"ABHetDay0Well_B8",,,,N729,TCGACGTC,S505,CTCCTTAC,,
"ABHetDay0Well_C1",,,,N722,ATGCGCAG,S507,TACTCCTT,,
"ABHetDay0Well_C2",,,,N721,TACGCTGC,S507,TACTCCTT,,
"ABHetDay0Well_C3",,,,N724,ACTGAGCG,S507,TACTCCTT,,
"ABHetDay0Well_C4",,,,N723,TAGCGCTC,S507,TACTCCTT,,
"ABHetDay0Well_C5",,,,N719,GCGTAGTA,S507,TACTCCTT,,
"ABHetDay0Well_C6",,,,N728,TGCAGCTA,S507,TACTCCTT,,
"ABHetDay0Well_C7",,,,N727,CGATCAGT,S507,TACTCCTT,,
"ABHetDay0Well_D1",,,,N722,ATGCGCAG,S506,TATGCAGT,,
"ABHetDay0Well_D2",,,,N721,TACGCTGC,S506,TATGCAGT,,
"ABHetDay0Well_D3",,,,N724,ACTGAGCG,S506,TATGCAGT,,
"ABHetDay0Well_D4",,,,N723,TAGCGCTC,S506,TATGCAGT,,
"ABHetDay0Well_D5",,,,N719,GCGTAGTA,S506,TATGCAGT,,
"ABHetDay0Well_D6",,,,N728,TGCAGCTA,S506,TATGCAGT,,
"ABHetDay0Well_D7",,,,N727,CGATCAGT,S506,TATGCAGT,,
"ABHetDay0Well_E1",,,,N722,ATGCGCAG,S503,AGAGGATA,,
"ABHetDay0Well_E2",,,,N721,TACGCTGC,S503,AGAGGATA,,
"ABHetDay0Well_E3",,,,N724,ACTGAGCG,S503,AGAGGATA,,
"ABHetDay0Well_E4",,,,N723,TAGCGCTC,S503,AGAGGATA,,
"ABHetDay0Well_E5",,,,N719,GCGTAGTA,S503,AGAGGATA,,
"ABHetDay0Well_E6",,,,N728,TGCAGCTA,S503,AGAGGATA,,
"ABHetDay0Well_E7",,,,N727,CGATCAGT,S503,AGAGGATA,,
"ABHetDay0Well_F1",,,,N722,ATGCGCAG,S502,ATAGAGAG,,
"ABHetDay0Well_F2",,,,N721,TACGCTGC,S502,ATAGAGAG,,
"ABHetDay0Well_F3",,,,N724,ACTGAGCG,S502,ATAGAGAG,,
"ABHetDay0Well_F4",,,,N723,TAGCGCTC,S502,ATAGAGAG,,
"ABHetDay0Well_F5",,,,N719,GCGTAGTA,S502,ATAGAGAG,,
"ABHetDay0Well_F6",,,,N728,TGCAGCTA,S502,ATAGAGAG,,
"ABHetDay0Well_F7",,,,N727,CGATCAGT,S502,ATAGAGAG,,
"ABHetDay0Well_G1",,,,N722,ATGCGCAG,S508,AGGCTTAG,,
"ABHetDay0Well_G2",,,,N721,TACGCTGC,S508,AGGCTTAG,,
"ABHetDay0Well_G3",,,,N724,ACTGAGCG,S508,AGGCTTAG,,
"ABHetDay0Well_G4",,,,N723,TAGCGCTC,S508,AGGCTTAG,,
"ABHetDay0Well_G5",,,,N719,GCGTAGTA,S508,AGGCTTAG,,
"ABHetDay0Well_G6",,,,N728,TGCAGCTA,S508,AGGCTTAG,,
"ABHetDay0Well_G7",,,,N727,CGATCAGT,S508,AGGCTTAG,,
"ABHetDay0Well_H1",,,,N722,ATGCGCAG,S510,ATTAGACG,,
"ABHetDay0Well_H2",,,,N721,TACGCTGC,S510,ATTAGACG,,
"ABHetDay0Well_H3",,,,N724,ACTGAGCG,S510,ATTAGACG,,
"ABHetDay0Well_H4",,,,N723,TAGCGCTC,S510,ATTAGACG,,
"ABHetDay0Well_H5",,,,N719,GCGTAGTA,S510,ATTAGACG,,
"ABHetDay0Well_H6",,,,N728,TGCAGCTA,S510,ATTAGACG,,
"ABHetDay0Well_H7",,,,N727,CGATCAGT,S510,ATTAGACG,,
"ABHetDay0Well_A9",,,,N718,GGAGCTAC,S511,CGGAGAGA,,
"ABHetDay13Well_A10",,,,N726,CCTAAGAC,S511,CGGAGAGA,,
"ABHetDay13Well_A11",,,,N720,CGGAGCCT,S511,CGGAGAGA,,
"ABHetDay13Well_A12",,,,N716,ACTCGCTA,S511,CGGAGAGA,,
"ABHetDay0Well_B9",,,,N718,GGAGCTAC,S505,CTCCTTAC,,
"ABHetDay13Well_B10",,,,N726,CCTAAGAC,S505,CTCCTTAC,,
"ABHetDay13Well_B11",,,,N720,CGGAGCCT,S505,CTCCTTAC,,
"ABHetDay13Well_B12",,,,N716,ACTCGCTA,S505,CTCCTTAC,,
"ABHetDay0Well_C9",,,,N718,GGAGCTAC,S507,TACTCCTT,,
"ABHetDay13Well_C10",,,,N726,CCTAAGAC,S507,TACTCCTT,,
"ABHetDay13Well_C11",,,,N720,CGGAGCCT,S507,TACTCCTT,,
"ABHetDay13Well_C12",,,,N716,ACTCGCTA,S507,TACTCCTT,,
"ABHetDay0Well_C8",,,,N729,TCGACGTC,S507,TACTCCTT,,
"ABHetDay0Well_D9",,,,N718,GGAGCTAC,S506,TATGCAGT,,
"ABHetDay13Well_D10",,,,N726,CCTAAGAC,S506,TATGCAGT,,
"ABHetDay13Well_D11",,,,N720,CGGAGCCT,S506,TATGCAGT,,
"ABHetDay13Well_D12",,,,N716,ACTCGCTA,S506,TATGCAGT,,
"ABHetDay0Well_D8",,,,N729,TCGACGTC,S506,TATGCAGT,,
"ABHetDay0Well_E9",,,,N718,GGAGCTAC,S503,AGAGGATA,,
"ABHetDay13Well_E10",,,,N726,CCTAAGAC,S503,AGAGGATA,,
"ABHetDay13Well_E11",,,,N720,CGGAGCCT,S503,AGAGGATA,,
"ABHetDay13Well_E12",,,,N716,ACTCGCTA,S503,AGAGGATA,,
"ABHetDay0Well_E8",,,,N729,TCGACGTC,S503,AGAGGATA,,
"ABHetDay0Well_F9",,,,N718,GGAGCTAC,S502,ATAGAGAG,,
"ABHetDay13Well_F10",,,,N726,CCTAAGAC,S502,ATAGAGAG,,
"ABHetDay13Well_F11",,,,N720,CGGAGCCT,S502,ATAGAGAG,,
"ABHetDay13Well_F12",,,,N716,ACTCGCTA,S502,ATAGAGAG,,
"ABHetDay0Well_F8",,,,N729,TCGACGTC,S502,ATAGAGAG,,
"ABHetDay0Well_G9",,,,N718,GGAGCTAC,S508,AGGCTTAG,,
"ABHetDay13Well_G10",,,,N726,CCTAAGAC,S508,AGGCTTAG,,
"ABHetDay13Well_G11",,,,N720,CGGAGCCT,S508,AGGCTTAG,,
"ABHetDay13Well_G12",,,,N716,ACTCGCTA,S508,AGGCTTAG,,
"ABHetDay0Well_G8",,,,N729,TCGACGTC,S508,AGGCTTAG,,
"ABHetDay0Well_H9",,,,N718,GGAGCTAC,S510,ATTAGACG,,
"ABHetDay13Well_H10",,,,N726,CCTAAGAC,S510,ATTAGACG,,
"ABHetDay13Well_H11",,,,N720,CGGAGCCT,S510,ATTAGACG,,
"ABHetDay13Well_H12",,,,N716,ACTCGCTA,S510,ATTAGACG,,
"ABHetDay0Well_H8",,,,N729,TCGACGTC,S510,ATTAGACG,,
"ABHetDay13Well_A1",,,,N701,TAAGGCGA,S506,TATGCAGT,,
"ABHetDay13Well_A2",,,,N702,CGTACTAG,S506,TATGCAGT,,
"ABHetDay13Well_A3",,,,N706,TAGGCATG,S506,TATGCAGT,,
"ABMinusDay0Well_A4",,,,N711,AAGAGGCA,S506,TATGCAGT,,
"ABHetDay13Well_B1",,,,N701,TAAGGCGA,S504,TCTACTCT,,
"ABHetDay13Well_B2",,,,N702,CGTACTAG,S504,TCTACTCT,,
"ABHetDay13Well_B3",,,,N706,TAGGCATG,S504,TCTACTCT,,
"ABMinusDay0Well_B4",,,,N711,AAGAGGCA,S504,TCTACTCT,,
"ABHetDay13Well_C1",,,,N701,TAAGGCGA,S508,AGGCTTAG,,
"ABHetDay13Well_C2",,,,N702,CGTACTAG,S508,AGGCTTAG,,
"ABHetDay13Well_C3",,,,N706,TAGGCATG,S508,AGGCTTAG,,
"ABHetDay13Well_D1",,,,N701,TAAGGCGA,S505,CTCCTTAC,,
"ABHetDay13Well_D2",,,,N702,CGTACTAG,S505,CTCCTTAC,,
"ABHetDay13Well_D3",,,,N706,TAGGCATG,S505,CTCCTTAC,,
"ABHetDay13Well_E1",,,,N701,TAAGGCGA,S502,ATAGAGAG,,
"ABHetDay13Well_E2",,,,N702,CGTACTAG,S502,ATAGAGAG,,
"ABHetDay13Well_E3",,,,N706,TAGGCATG,S502,ATAGAGAG,,
"ABHetDay13Well_F1",,,,N701,TAAGGCGA,S507,TACTCCTT,,
"ABHetDay13Well_F2",,,,N702,CGTACTAG,S507,TACTCCTT,,
"ABHetDay13Well_F3",,,,N706,TAGGCATG,S507,TACTCCTT,,
"ABHetDay13Well_G1",,,,N701,TAAGGCGA,S517,TCTTACGC,,
"ABHetDay13Well_G2",,,,N702,CGTACTAG,S517,TCTTACGC,,
"ABHetDay13Well_G3",,,,N706,TAGGCATG,S517,TCTTACGC,,
"ABHetDay13Well_H1",,,,N701,TAAGGCGA,S503,AGAGGATA,,
"ABHetDay13Well_H2",,,,N702,CGTACTAG,S503,AGAGGATA,,
"ABHetDay13Well_H3",,,,N706,TAGGCATG,S503,AGAGGATA,,
"ABMinusDay0Well_A5",,,,N705,GGACTCCT,S506,TATGCAGT,,
"ABMinusDay0Well_A6",,,,N712,GTAGAGGA,S506,TATGCAGT,,
"ABMinusDay0Well_A7",,,,N707,CTCTCTAC,S506,TATGCAGT,,
"ABMinusDay0Well_A8",,,,N703,AGGCAGAA,S506,TATGCAGT,,
"ABMinusDay13Well_A9",,,,N709,GCTACGCT,S506,TATGCAGT,,
"ABMinusDay13Well_A10",,,,N704,TCCTGAGC,S506,TATGCAGT,,
"ABMinusDay13Well_A11",,,,N708,CAGAGAGG,S506,TATGCAGT,,
"ABMinusDay13Well_A12",,,,N710,CGAGGCTG,S506,TATGCAGT,,
"ABMinusDay0Well_B5",,,,N705,GGACTCCT,S504,TCTACTCT,,
"ABMinusDay0Well_B6",,,,N712,GTAGAGGA,S504,TCTACTCT,,
"ABMinusDay0Well_B7",,,,N707,CTCTCTAC,S504,TCTACTCT,,
"ABMinusDay0Well_B8",,,,N703,AGGCAGAA,S504,TCTACTCT,,
"ABMinusDay13Well_B9",,,,N709,GCTACGCT,S504,TCTACTCT,,
"ABMinusDay13Well_B10",,,,N704,TCCTGAGC,S504,TCTACTCT,,
"ABMinusDay13Well_B11",,,,N708,CAGAGAGG,S504,TCTACTCT,,
"ABMinusDay13Well_B12",,,,N710,CGAGGCTG,S504,TCTACTCT,,
"ABMinusDay0Well_C4",,,,N711,AAGAGGCA,S508,AGGCTTAG,,
"ABMinusDay0Well_C5",,,,N705,GGACTCCT,S508,AGGCTTAG,,
"ABMinusDay0Well_C6",,,,N712,GTAGAGGA,S508,AGGCTTAG,,
"ABMinusDay0Well_C7",,,,N707,CTCTCTAC,S508,AGGCTTAG,,
"ABMinusDay13Well_C8",,,,N703,AGGCAGAA,S508,AGGCTTAG,,
"ABMinusDay13Well_C9",,,,N709,GCTACGCT,S508,AGGCTTAG,,
"ABMinusDay13Well_C10",,,,N704,TCCTGAGC,S508,AGGCTTAG,,
"ABMinusDay13Well_C11",,,,N708,CAGAGAGG,S508,AGGCTTAG,,
"ABMinusDay13Well_C12",,,,N710,CGAGGCTG,S508,AGGCTTAG,,
"ABMinusDay0Well_D4",,,,N711,AAGAGGCA,S505,CTCCTTAC,,
"ABMinusDay0Well_D5",,,,N705,GGACTCCT,S505,CTCCTTAC,,
"ABMinusDay0Well_D6",,,,N712,GTAGAGGA,S505,CTCCTTAC,,
"ABMinusDay0Well_D7",,,,N707,CTCTCTAC,S505,CTCCTTAC,,
"ABMinusDay13Well_D8",,,,N703,AGGCAGAA,S505,CTCCTTAC,,
"ABMinusDay13Well_D9",,,,N709,GCTACGCT,S505,CTCCTTAC,,
"ABMinusDay13Well_D10",,,,N704,TCCTGAGC,S505,CTCCTTAC,,
"ABMinusDay13Well_D11",,,,N708,CAGAGAGG,S505,CTCCTTAC,,
"ABMinusDay13Well_D12",,,,N710,CGAGGCTG,S505,CTCCTTAC,,
"ABMinusDay0Well_E4",,,,N711,AAGAGGCA,S502,ATAGAGAG,,
"ABMinusDay0Well_E5",,,,N705,GGACTCCT,S502,ATAGAGAG,,
"ABMinusDay0Well_E6",,,,N712,GTAGAGGA,S502,ATAGAGAG,,
"ABMinusDay0Well_E7",,,,N707,CTCTCTAC,S502,ATAGAGAG,,
"ABMinusDay13Well_E8",,,,N703,AGGCAGAA,S502,ATAGAGAG,,
"ABMinusDay13Well_E9",,,,N709,GCTACGCT,S502,ATAGAGAG,,
"ABMinusDay13Well_E10",,,,N704,TCCTGAGC,S502,ATAGAGAG,,
"ABMinusDay13Well_E11",,,,N708,CAGAGAGG,S502,ATAGAGAG,,
"ABMinusDay13Well_E12",,,,N710,CGAGGCTG,S502,ATAGAGAG,,
"ABMinusDay0Well_F4",,,,N711,AAGAGGCA,S507,TACTCCTT,,
"ABMinusDay0Well_F5",,,,N705,GGACTCCT,S507,TACTCCTT,,
"ABMinusDay0Well_F6",,,,N712,GTAGAGGA,S507,TACTCCTT,,
"ABMinusDay0Well_F7",,,,N707,CTCTCTAC,S507,TACTCCTT,,
"ABMinusDay13Well_F8",,,,N703,AGGCAGAA,S507,TACTCCTT,,
"ABMinusDay13Well_F9",,,,N709,GCTACGCT,S507,TACTCCTT,,
"ABMinusDay13Well_F10",,,,N704,TCCTGAGC,S507,TACTCCTT,,
"ABMinusDay13Well_F11",,,,N708,CAGAGAGG,S507,TACTCCTT,,
"ABMinusDay13Well_F12",,,,N710,CGAGGCTG,S507,TACTCCTT,,
"ABMinusDay0Well_G4",,,,N711,AAGAGGCA,S517,TCTTACGC,,
"ABMinusDay0Well_G5",,,,N705,GGACTCCT,S517,TCTTACGC,,
"ABMinusDay0Well_G6",,,,N712,GTAGAGGA,S517,TCTTACGC,,
"ABMinusDay0Well_G7",,,,N707,CTCTCTAC,S517,TCTTACGC,,
"ABMinusDay13Well_G8",,,,N703,AGGCAGAA,S517,TCTTACGC,,
"ABMinusDay13Well_G9",,,,N709,GCTACGCT,S517,TCTTACGC,,
"ABMinusDay13Well_G10",,,,N704,TCCTGAGC,S517,TCTTACGC,,
"ABMinusDay13Well_G11",,,,N708,CAGAGAGG,S517,TCTTACGC,,
"ABMinusDay0Well_H4",,,,N711,AAGAGGCA,S503,AGAGGATA,,
"ABMinusDay0Well_H5",,,,N705,GGACTCCT,S503,AGAGGATA,,
"ABMinusDay0Well_H6",,,,N712,GTAGAGGA,S503,AGAGGATA,,
"ABMinusDay0Well_H7",,,,N707,CTCTCTAC,S503,AGAGGATA,,
"ABMinusDay13Well_H8",,,,N703,AGGCAGAA,S503,AGAGGATA,,
"ABMinusDay13Well_H9",,,,N709,GCTACGCT,S503,AGAGGATA,,
"ABMinusDay13Well_H10",,,,N704,TCCTGAGC,S503,AGAGGATA,,
"ABMinusDay13Well_H11",,,,N708,CAGAGAGG,S503,AGAGGATA,,
