sample,i7,i5,flowcell
cele-001-001,CAGCTAGCGG,GACCGTAGCA,HGGKLBGX2
cele-001-002,GTAGGATAAG,GACCGTAGCA,HGGKLBGX2
cele-001-003,AAGTAGCTCA,GACCGTAGCA,HGGKLBGX2
cele-001-004,TAAGTCCTGA,GACCGTAGCA,HGGKLBGX2
cele-001-005,GCGGCTGCGG,GTCATTGCGC,HGGKLBGX2
cele-001-006,ACCAGGCGCA,GTCATTGCGC,HGGKLBGX2
cele-001-007,CCGTATGATT,GTCATTGCGC,HGGKLBGX2
cele-001-008,TTGATTGGCG,GTCATTGCGC,HGGKLBGX2
cele-001-009,CTAAGCCTTG,GTCATTGCGC,HGGKLBGX2
cele-001-010,CGTCGAGCGC,GTCATTGCGC,HGGKLBGX2
cele-001-011,TATTGCTGGA,GTCATTGCGC,HGGKLBGX2
cele-001-012,AGTTCTCATG,GTCATTGCGC,HGGKLBGX2
cele-001-013,AGATTACGTT,CAAGATTAAG,HGGKLBGX2
cele-001-014,AGAGGAGAAT,CAAGATTAAG,HGGKLBGX2
cele-001-015,AACGCGCAGA,CAAGATTAAG,HGGKLBGX2
cele-001-016,GCATATGAGC,CAAGATTAAG,HGGKLBGX2
cele-001-017,CGTTACCGCT,CAAGATTAAG,HGGKLBGX2
cele-001-018,ACTATTCATT,CAAGATTAAG,HGGKLBGX2
cele-001-019,CCAGATACGG,CAAGATTAAG,HGGKLBGX2
cele-001-020,CAGACTAAGG,CAAGATTAAG,HGGKLBGX2
cele-001-021,CTAACTAGGT,ACGCAACTCC,HGGKLBGX2
cele-001-022,GTACTCCTAT,ACGCAACTCC,HGGKLBGX2
cele-001-023,CTCGTCGTAG,ACGCAACTCC,HGGKLBGX2
cele-001-024,GAACTCGACT,ACGCAACTCC,HGGKLBGX2
cele-001-025,GACTGGACCA,ACGCAACTCC,HGGKLBGX2
cele-001-026,TTGCTTAGAT,ACGCAACTCC,HGGKLBGX2
cele-001-027,AACGAATTCG,ACGCAACTCC,HGGKLBGX2
cele-001-028,TCTATCGCTG,ACGCAACTCC,HGGKLBGX2
cele-001-029,CATAGCGACC,TGATACGAGT,HGGKLBGX2
cele-001-030,GCTAACGGAT,TGATACGAGT,HGGKLBGX2
cele-001-031,CTAATTGCGA,TGATACGAGT,HGGKLBGX2
cele-001-032,CTAGCCAGCC,TGATACGAGT,HGGKLBGX2
cele-001-033,GCAAGACCGT,TGATACGAGT,HGGKLBGX2
cele-001-034,CGAATGGAGC,TGATACGAGT,HGGKLBGX2
cele-001-035,CGCTTATCGT,TGATACGAGT,HGGKLBGX2
cele-001-036,GCGCTATGGT,TGATACGAGT,HGGKLBGX2
cele-001-037,CCGCTAAGAG,CATTATTACC,HGGKLBGX2
cele-001-038,AGTTGAATCA,CATTATTACC,HGGKLBGX2
cele-001-039,CGCGGCCATA,CATTATTACC,HGGKLBGX2
cele-001-040,TGCGACCTCT,CATTATTACC,HGGKLBGX2
cele-001-041,TCAATCTCCT,CATTATTACC,HGGKLBGX2
cele-001-042,CTATATAGCC,CATTATTACC,HGGKLBGX2
cele-001-043,AAGTACGCGA,CATTATTACC,HGGKLBGX2
cele-001-044,CATTATTATT,CATTATTACC,HGGKLBGX2
cele-001-045,ATGGAACGAA,TCTATAAGGA,HGGKLBGX2
cele-001-046,TGATTAGGTA,TCTATAAGGA,HGGKLBGX2
cele-001-047,AATATTACTT,TCTATAAGGA,HGGKLBGX2
cele-001-048,ATTCTTAGCT,TCTATAAGGA,HGGKLBGX2
cele-001-049,ATACCTCGAC,TCTATAAGGA,HGGKLBGX2
cele-001-050,CTACTAATAA,TCTATAAGGA,HGGKLBGX2
cele-001-051,GATCTTCGCA,TCTATAAGGA,HGGKLBGX2
cele-001-052,AGCCGTAGTT,TCTATAAGGA,HGGKLBGX2
cele-001-053,GCGTTCCGTT,TTGGAGTCGG,HGGKLBGX2
cele-001-054,TCGTAGCATC,TTGGAGTCGG,HGGKLBGX2
cele-001-055,ATTGGCAGAT,TTGGAGTCGG,HGGKLBGX2
cele-001-056,TTGATACGAT,TTGGAGTCGG,HGGKLBGX2
cele-001-057,TAGAGGCGTT,TTGGAGTCGG,HGGKLBGX2
cele-001-058,TGGTTGCCGT,TTGGAGTCGG,HGGKLBGX2
cele-001-059,TCTTAGCCTG,TTGGAGTCGG,HGGKLBGX2
cele-001-060,TGATATTGCG,TTGGAGTCGG,HGGKLBGX2
cele-001-061,GGTTATCGAA,CAAGCTTGGC,HGGKLBGX2
cele-001-062,TCTTGAGGTT,CAAGCTTGGC,HGGKLBGX2
cele-001-063,ATGGCGCCTG,CAAGCTTGGC,HGGKLBGX2
cele-001-064,TATAATAGTT,CAAGCTTGGC,HGGKLBGX2
cele-001-065,TAGGTAACTT,CAAGCTTGGC,HGGKLBGX2
cele-001-066,TCCTCTGCCG,CAAGCTTGGC,HGGKLBGX2
cele-001-067,TTATTGAGGC,CAAGCTTGGC,HGGKLBGX2
cele-001-068,ACGGCGTTAA,CAAGCTTGGC,HGGKLBGX2
cele-001-069,GCATCGTATG,ATAGGATATG,HGGKLBGX2
cele-001-070,AGGTCAGCTT,ATAGGATATG,HGGKLBGX2
cele-001-071,ATAAGGACTC,ATAGGATATG,HGGKLBGX2
cele-001-072,TTGCCGTAGG,ATAGGATATG,HGGKLBGX2
cele-001-073,TTCGAATATT,ATAGGATATG,HGGKLBGX2
cele-001-074,GATTCTTGAA,ATAGGATATG,HGGKLBGX2
cele-001-075,TTGCGAGCAT,ATAGGATATG,HGGKLBGX2
cele-001-076,GGCTTACTCC,ATAGGATATG,HGGKLBGX2
cele-001-077,AATACGATAA,TGGCGTAGGT,HGGKLBGX2
cele-001-078,TATTAGACTT,TGGCGTAGGT,HGGKLBGX2
cele-001-079,TAGTAAGCCG,TGGCGTAGGT,HGGKLBGX2
cele-001-080,AGACCATATC,TGGCGTAGGT,HGGKLBGX2
cele-001-081,TGGACGACTA,TGGCGTAGGT,HGGKLBGX2
cele-001-082,GTAGCAGCTA,TGGCGTAGGT,HGGKLBGX2
cele-001-083,GCTTGAAGAG,TGGCGTAGGT,HGGKLBGX2
cele-001-084,GCGCGTTCAT,TGGCGTAGGT,HGGKLBGX2
cele-001-085,TTCCGTCGAC,ACTGAATTCC,HGGKLBGX2
cele-001-086,CTCAATTAGT,ACTGAATTCC,HGGKLBGX2
cele-001-087,ATTATGCAAG,ACTGAATTCC,HGGKLBGX2
cele-001-088,TTGGTAAGGA,ACTGAATTCC,HGGKLBGX2
cele-001-089,GTAGGCTGCA,ACTGAATTCC,HGGKLBGX2
cele-001-090,CCTCAGCTCC,ACTGAATTCC,HGGKLBGX2
cele-001-091,AGTCCGCTGC,ACTGAATTCC,HGGKLBGX2
cele-001-092,GAGCGCGATG,ACTGAATTCC,HGGKLBGX2
cele-002-001,CAGCTAGCGG,AACTACCGAC,HGGKLBGX2
cele-002-002,GTAGGATAAG,AACTACCGAC,HGGKLBGX2
cele-002-003,AAGTAGCTCA,AACTACCGAC,HGGKLBGX2
cele-002-004,TAAGTCCTGA,AACTACCGAC,HGGKLBGX2
cele-002-005,GCGGCTGCGG,CGTCCGTCCT,HGGKLBGX2
cele-002-006,ACCAGGCGCA,CGTCCGTCCT,HGGKLBGX2
cele-002-007,CCGTATGATT,CGTCCGTCCT,HGGKLBGX2
cele-002-008,TTGATTGGCG,CGTCCGTCCT,HGGKLBGX2
cele-002-009,CTAAGCCTTG,CGTCCGTCCT,HGGKLBGX2
cele-002-010,CGTCGAGCGC,CGTCCGTCCT,HGGKLBGX2
cele-002-011,TATTGCTGGA,CGTCCGTCCT,HGGKLBGX2
cele-002-012,AGTTCTCATG,CGTCCGTCCT,HGGKLBGX2
cele-002-013,AGATTACGTT,GGTCCAGGAG,HGGKLBGX2
cele-002-014,AGAGGAGAAT,GGTCCAGGAG,HGGKLBGX2
cele-002-015,AACGCGCAGA,GGTCCAGGAG,HGGKLBGX2
cele-002-016,GCATATGAGC,GGTCCAGGAG,HGGKLBGX2
cele-002-017,CGTTACCGCT,GGTCCAGGAG,HGGKLBGX2
cele-002-018,ACTATTCATT,GGTCCAGGAG,HGGKLBGX2
cele-002-019,CCAGATACGG,GGTCCAGGAG,HGGKLBGX2
cele-002-020,CAGACTAAGG,GGTCCAGGAG,HGGKLBGX2
cele-002-021,CTAACTAGGT,AACGAGGCTA,HGGKLBGX2
cele-002-022,GTACTCCTAT,AACGAGGCTA,HGGKLBGX2
cele-002-023,CTCGTCGTAG,AACGAGGCTA,HGGKLBGX2
cele-002-024,GAACTCGACT,AACGAGGCTA,HGGKLBGX2
cele-002-025,GACTGGACCA,AACGAGGCTA,HGGKLBGX2
cele-002-026,TTGCTTAGAT,AACGAGGCTA,HGGKLBGX2
cele-002-027,AACGAATTCG,AACGAGGCTA,HGGKLBGX2
cele-002-028,TCTATCGCTG,AACGAGGCTA,HGGKLBGX2
cele-002-029,CATAGCGACC,ACGTTCAACC,HGGKLBGX2
cele-002-030,GCTAACGGAT,ACGTTCAACC,HGGKLBGX2
cele-002-031,CTAATTGCGA,ACGTTCAACC,HGGKLBGX2
cele-002-032,CTAGCCAGCC,ACGTTCAACC,HGGKLBGX2
cele-002-033,GCAAGACCGT,ACGTTCAACC,HGGKLBGX2
cele-002-034,CGAATGGAGC,ACGTTCAACC,HGGKLBGX2
cele-002-035,CGCTTATCGT,ACGTTCAACC,HGGKLBGX2
cele-002-036,GCGCTATGGT,ACGTTCAACC,HGGKLBGX2
cele-002-037,CCGCTAAGAG,ACGAGGACCT,HGGKLBGX2
cele-002-038,AGTTGAATCA,ACGAGGACCT,HGGKLBGX2
cele-002-039,CGCGGCCATA,ACGAGGACCT,HGGKLBGX2
cele-002-040,TGCGACCTCT,ACGAGGACCT,HGGKLBGX2
cele-002-041,TCAATCTCCT,ACGAGGACCT,HGGKLBGX2
cele-002-042,CTATATAGCC,ACGAGGACCT,HGGKLBGX2
cele-002-043,AAGTACGCGA,ACGAGGACCT,HGGKLBGX2
cele-002-044,CATTATTATT,ACGAGGACCT,HGGKLBGX2
cele-002-045,ATGGAACGAA,TATAACTTCC,HGGKLBGX2
cele-002-046,TGATTAGGTA,TATAACTTCC,HGGKLBGX2
cele-002-047,AATATTACTT,TATAACTTCC,HGGKLBGX2
cele-002-048,ATTCTTAGCT,TATAACTTCC,HGGKLBGX2
cele-002-049,ATACCTCGAC,TATAACTTCC,HGGKLBGX2
cele-002-050,CTACTAATAA,TATAACTTCC,HGGKLBGX2
cele-002-051,GATCTTCGCA,TATAACTTCC,HGGKLBGX2
cele-002-052,AGCCGTAGTT,TATAACTTCC,HGGKLBGX2
cele-002-053,GCGTTCCGTT,AGGATTACCA,HGGKLBGX2
cele-002-054,TCGTAGCATC,AGGATTACCA,HGGKLBGX2
cele-002-055,ATTGGCAGAT,AGGATTACCA,HGGKLBGX2
cele-002-056,TTGATACGAT,AGGATTACCA,HGGKLBGX2
cele-002-057,TAGAGGCGTT,AGGATTACCA,HGGKLBGX2
cele-002-058,TGGTTGCCGT,AGGATTACCA,HGGKLBGX2
cele-002-059,TCTTAGCCTG,AGGATTACCA,HGGKLBGX2
cele-002-060,TGATATTGCG,AGGATTACCA,HGGKLBGX2
cele-002-061,GGTTATCGAA,AACCTAGCTT,HGGKLBGX2
cele-002-062,TCTTGAGGTT,AACCTAGCTT,HGGKLBGX2
cele-002-063,ATGGCGCCTG,AACCTAGCTT,HGGKLBGX2
cele-002-064,TATAATAGTT,AACCTAGCTT,HGGKLBGX2
cele-002-065,TAGGTAACTT,AACCTAGCTT,HGGKLBGX2
cele-002-066,TCCTCTGCCG,AACCTAGCTT,HGGKLBGX2
cele-002-067,TTATTGAGGC,AACCTAGCTT,HGGKLBGX2
cele-002-068,ACGGCGTTAA,AACCTAGCTT,HGGKLBGX2
cele-002-069,GCATCGTATG,AGTCCGCGGA,HGGKLBGX2
cele-002-070,AGGTCAGCTT,AGTCCGCGGA,HGGKLBGX2
cele-002-071,ATAAGGACTC,AGTCCGCGGA,HGGKLBGX2
cele-002-072,TTGCCGTAGG,AGTCCGCGGA,HGGKLBGX2
cele-002-073,TTCGAATATT,AGTCCGCGGA,HGGKLBGX2
cele-002-074,GATTCTTGAA,AGTCCGCGGA,HGGKLBGX2
cele-002-075,TTGCGAGCAT,AGTCCGCGGA,HGGKLBGX2
cele-002-076,GGCTTACTCC,AGTCCGCGGA,HGGKLBGX2
cele-002-077,AATACGATAA,ACTATCCGCA,HGGKLBGX2
cele-002-078,TATTAGACTT,ACTATCCGCA,HGGKLBGX2
cele-002-079,TAGTAAGCCG,ACTATCCGCA,HGGKLBGX2
cele-002-080,AGACCATATC,ACTATCCGCA,HGGKLBGX2
cele-002-081,TGGACGACTA,ACTATCCGCA,HGGKLBGX2
cele-002-082,GTAGCAGCTA,ACTATCCGCA,HGGKLBGX2
cele-002-083,GCTTGAAGAG,ACTATCCGCA,HGGKLBGX2
cele-002-084,GCGCGTTCAT,ACTATCCGCA,HGGKLBGX2
cele-002-085,TTCCGTCGAC,CGAGCTGCCA,HGGKLBGX2
cele-002-086,CTCAATTAGT,CGAGCTGCCA,HGGKLBGX2
cele-002-087,ATTATGCAAG,CGAGCTGCCA,HGGKLBGX2
cele-002-088,TTGGTAAGGA,CGAGCTGCCA,HGGKLBGX2
cele-002-089,GTAGGCTGCA,CGAGCTGCCA,HGGKLBGX2
cele-002-090,CCTCAGCTCC,CGAGCTGCCA,HGGKLBGX2
cele-002-091,AGTCCGCTGC,CGAGCTGCCA,HGGKLBGX2
cele-002-092,GAGCGCGATG,CGAGCTGCCA,HGGKLBGX2
293Tcele-001-001,TCGGATTCGG,GACCGTAGCA,HGGKLBGX2
293Tcele-001-002,TCCGGCTTAT,GACCGTAGCA,HGGKLBGX2
293Tcele-001-003,TCGCCGCCGG,GACCGTAGCA,HGGKLBGX2
293Tcele-001-004,TTGGCAAGCC,GACCGTAGCA,HGGKLBGX2
293Tcele-002-001,TCGGATTCGG,AACTACCGAC,HGGKLBGX2
293Tcele-002-002,TCCGGCTTAT,AACTACCGAC,HGGKLBGX2
293Tcele-002-003,TCGCCGCCGG,AACTACCGAC,HGGKLBGX2
293Tcele-002-004,TTGGCAAGCC,AACTACCGAC,HGGKLBGX2
293Tcele-003-001,TCGGATTCGG,GCTCTCGCCT,HGGKLBGX2
293Tcele-003-002,TCCGGCTTAT,GCTCTCGCCT,HGGKLBGX2
293Tcele-003-003,TCGCCGCCGG,GCTCTCGCCT,HGGKLBGX2
293Tcele-003-004,TTGGCAAGCC,GCTCTCGCCT,HGGKLBGX2
cele-003-001,CAGCTAGCGG,CGCCGCCTCC,HCFJ2BGX2
cele-003-002,GTAGGATAAG,CGCCGCCTCC,HCFJ2BGX2
cele-003-003,AAGTAGCTCA,CGCCGCCTCC,HCFJ2BGX2
cele-003-004,TAAGTCCTGA,CGCCGCCTCC,HCFJ2BGX2
cele-003-005,GCGGCTGCGG,CAAGTACTGG,HCFJ2BGX2
cele-003-006,ACCAGGCGCA,CAAGTACTGG,HCFJ2BGX2
cele-003-007,CCGTATGATT,CAAGTACTGG,HCFJ2BGX2
cele-003-008,TTGATTGGCG,CAAGTACTGG,HCFJ2BGX2
cele-003-009,CTAAGCCTTG,CAAGTACTGG,HCFJ2BGX2
cele-003-010,CGTCGAGCGC,CAAGTACTGG,HCFJ2BGX2
cele-003-011,TATTGCTGGA,CAAGTACTGG,HCFJ2BGX2
cele-003-012,AGTTCTCATG,CAAGTACTGG,HCFJ2BGX2
cele-003-013,AGATTACGTT,CGGCGAGACC,HCFJ2BGX2
cele-003-014,AGAGGAGAAT,CGGCGAGACC,HCFJ2BGX2
cele-003-015,AACGCGCAGA,CGGCGAGACC,HCFJ2BGX2
cele-003-016,GCATATGAGC,CGGCGAGACC,HCFJ2BGX2
cele-003-017,CGTTACCGCT,CGGCGAGACC,HCFJ2BGX2
cele-003-018,ACTATTCATT,CGGCGAGACC,HCFJ2BGX2
cele-003-019,CCAGATACGG,CGGCGAGACC,HCFJ2BGX2
cele-003-020,CAGACTAAGG,CGGCGAGACC,HCFJ2BGX2
cele-003-021,CTAACTAGGT,GACCTCCGCC,HCFJ2BGX2
cele-003-022,GTACTCCTAT,GACCTCCGCC,HCFJ2BGX2
cele-003-023,CTCGTCGTAG,GACCTCCGCC,HCFJ2BGX2
cele-003-024,GAACTCGACT,GACCTCCGCC,HCFJ2BGX2
cele-003-025,GACTGGACCA,GACCTCCGCC,HCFJ2BGX2
cele-003-026,TTGCTTAGAT,GACCTCCGCC,HCFJ2BGX2
cele-003-027,AACGAATTCG,GACCTCCGCC,HCFJ2BGX2
cele-003-028,TCTATCGCTG,GACCTCCGCC,HCFJ2BGX2
cele-003-029,CATAGCGACC,TCTAGAACTA,HCFJ2BGX2
cele-003-030,GCTAACGGAT,TCTAGAACTA,HCFJ2BGX2
cele-003-031,CTAATTGCGA,TCTAGAACTA,HCFJ2BGX2
cele-003-032,CTAGCCAGCC,TCTAGAACTA,HCFJ2BGX2
cele-003-033,GCAAGACCGT,TCTAGAACTA,HCFJ2BGX2
cele-003-034,CGAATGGAGC,TCTAGAACTA,HCFJ2BGX2
cele-003-035,CGCTTATCGT,TCTAGAACTA,HCFJ2BGX2
cele-003-036,GCGCTATGGT,TCTAGAACTA,HCFJ2BGX2
cele-003-037,CCGCTAAGAG,CTAACTCCAA,HCFJ2BGX2
cele-003-038,AGTTGAATCA,CTAACTCCAA,HCFJ2BGX2
cele-003-039,CGCGGCCATA,CTAACTCCAA,HCFJ2BGX2
cele-003-040,TGCGACCTCT,CTAACTCCAA,HCFJ2BGX2
cele-003-041,TCAATCTCCT,CTAACTCCAA,HCFJ2BGX2
cele-003-042,CTATATAGCC,CTAACTCCAA,HCFJ2BGX2
cele-003-043,AAGTACGCGA,CTAACTCCAA,HCFJ2BGX2
cele-003-044,CATTATTATT,CTAACTCCAA,HCFJ2BGX2
cele-003-045,ATGGAACGAA,ACCAAGATCT,HCFJ2BGX2
cele-003-046,TGATTAGGTA,ACCAAGATCT,HCFJ2BGX2
cele-003-047,AATATTACTT,ACCAAGATCT,HCFJ2BGX2
cele-003-048,ATTCTTAGCT,ACCAAGATCT,HCFJ2BGX2
cele-003-049,ATACCTCGAC,ACCAAGATCT,HCFJ2BGX2
cele-003-050,CTACTAATAA,ACCAAGATCT,HCFJ2BGX2
cele-003-051,GATCTTCGCA,ACCAAGATCT,HCFJ2BGX2
cele-003-052,AGCCGTAGTT,ACCAAGATCT,HCFJ2BGX2
cele-003-053,GCGTTCCGTT,CGATCATTAC,HCFJ2BGX2
cele-003-054,TCGTAGCATC,CGATCATTAC,HCFJ2BGX2
cele-003-055,ATTGGCAGAT,CGATCATTAC,HCFJ2BGX2
cele-003-056,TTGATACGAT,CGATCATTAC,HCFJ2BGX2
cele-003-057,TAGAGGCGTT,CGATCATTAC,HCFJ2BGX2
cele-003-058,TGGTTGCCGT,CGATCATTAC,HCFJ2BGX2
cele-003-059,TCTTAGCCTG,CGATCATTAC,HCFJ2BGX2
cele-003-060,TGATATTGCG,CGATCATTAC,HCFJ2BGX2
cele-003-061,GGTTATCGAA,GACCTCTCTG,HCFJ2BGX2
cele-003-062,TCTTGAGGTT,GACCTCTCTG,HCFJ2BGX2
cele-003-063,ATGGCGCCTG,GACCTCTCTG,HCFJ2BGX2
cele-003-064,TATAATAGTT,GACCTCTCTG,HCFJ2BGX2
cele-003-065,TAGGTAACTT,GACCTCTCTG,HCFJ2BGX2
cele-003-066,TCCTCTGCCG,GACCTCTCTG,HCFJ2BGX2
cele-003-067,TTATTGAGGC,GACCTCTCTG,HCFJ2BGX2
cele-003-068,ACGGCGTTAA,GACCTCTCTG,HCFJ2BGX2
cele-003-069,GCATCGTATG,GGCTAATTAA,HCFJ2BGX2
cele-003-070,AGGTCAGCTT,GGCTAATTAA,HCFJ2BGX2
cele-003-071,ATAAGGACTC,GGCTAATTAA,HCFJ2BGX2
cele-003-072,TTGCCGTAGG,GGCTAATTAA,HCFJ2BGX2
cele-003-073,TTCGAATATT,GGCTAATTAA,HCFJ2BGX2
cele-003-074,GATTCTTGAA,GGCTAATTAA,HCFJ2BGX2
cele-003-075,TTGCGAGCAT,GGCTAATTAA,HCFJ2BGX2
cele-003-076,GGCTTACTCC,GGCTAATTAA,HCFJ2BGX2
cele-003-077,AATACGATAA,CGAGTTAGAG,HCFJ2BGX2
cele-003-078,TATTAGACTT,CGAGTTAGAG,HCFJ2BGX2
cele-003-079,TAGTAAGCCG,CGAGTTAGAG,HCFJ2BGX2
cele-003-080,AGACCATATC,CGAGTTAGAG,HCFJ2BGX2
cele-003-081,TGGACGACTA,CGAGTTAGAG,HCFJ2BGX2
cele-003-082,GTAGCAGCTA,CGAGTTAGAG,HCFJ2BGX2
cele-003-083,GCTTGAAGAG,CGAGTTAGAG,HCFJ2BGX2
cele-003-084,GCGCGTTCAT,CGAGTTAGAG,HCFJ2BGX2
cele-003-085,TTCCGTCGAC,GATGATCGTA,HCFJ2BGX2
cele-003-086,CTCAATTAGT,GATGATCGTA,HCFJ2BGX2
cele-003-087,ATTATGCAAG,GATGATCGTA,HCFJ2BGX2
cele-003-088,TTGGTAAGGA,GATGATCGTA,HCFJ2BGX2
cele-003-089,GTAGGCTGCA,GATGATCGTA,HCFJ2BGX2
cele-003-090,CCTCAGCTCC,GATGATCGTA,HCFJ2BGX2
cele-003-091,AGTCCGCTGC,GATGATCGTA,HCFJ2BGX2
cele-003-092,GAGCGCGATG,GATGATCGTA,HCFJ2BGX2
cele-004-001,CAGCTAGCGG,GCTCTCGCCT,HCFJ2BGX2
cele-004-002,GTAGGATAAG,GCTCTCGCCT,HCFJ2BGX2
cele-004-003,AAGTAGCTCA,GCTCTCGCCT,HCFJ2BGX2
cele-004-004,TAAGTCCTGA,GCTCTCGCCT,HCFJ2BGX2
cele-004-005,GCGGCTGCGG,ACTATCTTGA,HCFJ2BGX2
cele-004-006,ACCAGGCGCA,ACTATCTTGA,HCFJ2BGX2
cele-004-007,CCGTATGATT,ACTATCTTGA,HCFJ2BGX2
cele-004-008,TTGATTGGCG,ACTATCTTGA,HCFJ2BGX2
cele-004-009,CTAAGCCTTG,ACTATCTTGA,HCFJ2BGX2
cele-004-010,CGTCGAGCGC,ACTATCTTGA,HCFJ2BGX2
cele-004-011,TATTGCTGGA,ACTATCTTGA,HCFJ2BGX2
cele-004-012,AGTTCTCATG,ACTATCTTGA,HCFJ2BGX2
cele-004-013,AGATTACGTT,AGGTCAATTA,HCFJ2BGX2
cele-004-014,AGAGGAGAAT,AGGTCAATTA,HCFJ2BGX2
cele-004-015,AACGCGCAGA,AGGTCAATTA,HCFJ2BGX2
cele-004-016,GCATATGAGC,AGGTCAATTA,HCFJ2BGX2
cele-004-017,CGTTACCGCT,AGGTCAATTA,HCFJ2BGX2
cele-004-018,ACTATTCATT,AGGTCAATTA,HCFJ2BGX2
cele-004-019,CCAGATACGG,AGGTCAATTA,HCFJ2BGX2
cele-004-020,CAGACTAAGG,AGGTCAATTA,HCFJ2BGX2
cele-004-021,CTAACTAGGT,AAGCCGGCTG,HCFJ2BGX2
cele-004-022,GTACTCCTAT,AAGCCGGCTG,HCFJ2BGX2
cele-004-023,CTCGTCGTAG,AAGCCGGCTG,HCFJ2BGX2
cele-004-024,GAACTCGACT,AAGCCGGCTG,HCFJ2BGX2
cele-004-025,GACTGGACCA,AAGCCGGCTG,HCFJ2BGX2
cele-004-026,TTGCTTAGAT,AAGCCGGCTG,HCFJ2BGX2
cele-004-027,AACGAATTCG,AAGCCGGCTG,HCFJ2BGX2
cele-004-028,TCTATCGCTG,AAGCCGGCTG,HCFJ2BGX2
cele-004-029,CATAGCGACC,CTCCGGTTCT,HCFJ2BGX2
cele-004-030,GCTAACGGAT,CTCCGGTTCT,HCFJ2BGX2
cele-004-031,CTAATTGCGA,CTCCGGTTCT,HCFJ2BGX2
cele-004-032,CTAGCCAGCC,CTCCGGTTCT,HCFJ2BGX2
cele-004-033,GCAAGACCGT,CTCCGGTTCT,HCFJ2BGX2
cele-004-034,CGAATGGAGC,CTCCGGTTCT,HCFJ2BGX2
cele-004-035,CGCTTATCGT,CTCCGGTTCT,HCFJ2BGX2
cele-004-036,GCGCTATGGT,CTCCGGTTCT,HCFJ2BGX2
cele-004-037,CCGCTAAGAG,CATGCATCTC,HCFJ2BGX2
cele-004-038,AGTTGAATCA,CATGCATCTC,HCFJ2BGX2
cele-004-039,CGCGGCCATA,CATGCATCTC,HCFJ2BGX2
cele-004-040,TGCGACCTCT,CATGCATCTC,HCFJ2BGX2
cele-004-041,TCAATCTCCT,CATGCATCTC,HCFJ2BGX2
cele-004-042,CTATATAGCC,CATGCATCTC,HCFJ2BGX2
cele-004-043,AAGTACGCGA,CATGCATCTC,HCFJ2BGX2
cele-004-044,CATTATTATT,CATGCATCTC,HCFJ2BGX2
cele-004-045,ATGGAACGAA,TCCGGTAATC,HCFJ2BGX2
cele-004-046,TGATTAGGTA,TCCGGTAATC,HCFJ2BGX2
cele-004-047,AATATTACTT,TCCGGTAATC,HCFJ2BGX2
cele-004-048,ATTCTTAGCT,TCCGGTAATC,HCFJ2BGX2
cele-004-049,ATACCTCGAC,TCCGGTAATC,HCFJ2BGX2
cele-004-050,CTACTAATAA,TCCGGTAATC,HCFJ2BGX2
cele-004-051,GATCTTCGCA,TCCGGTAATC,HCFJ2BGX2
cele-004-052,AGCCGTAGTT,TCCGGTAATC,HCFJ2BGX2
cele-004-053,GCGTTCCGTT,ACCGTTACGA,HCFJ2BGX2
cele-004-054,TCGTAGCATC,ACCGTTACGA,HCFJ2BGX2
cele-004-055,ATTGGCAGAT,ACCGTTACGA,HCFJ2BGX2
cele-004-056,TTGATACGAT,ACCGTTACGA,HCFJ2BGX2
cele-004-057,TAGAGGCGTT,ACCGTTACGA,HCFJ2BGX2
cele-004-058,TGGTTGCCGT,ACCGTTACGA,HCFJ2BGX2
cele-004-059,TCTTAGCCTG,ACCGTTACGA,HCFJ2BGX2
cele-004-060,TGATATTGCG,ACCGTTACGA,HCFJ2BGX2
cele-004-061,GGTTATCGAA,TCCGTCGCCA,HCFJ2BGX2
cele-004-062,TCTTGAGGTT,TCCGTCGCCA,HCFJ2BGX2
cele-004-063,ATGGCGCCTG,TCCGTCGCCA,HCFJ2BGX2
cele-004-064,TATAATAGTT,TCCGTCGCCA,HCFJ2BGX2
cele-004-065,TAGGTAACTT,TCCGTCGCCA,HCFJ2BGX2
cele-004-066,TCCTCTGCCG,TCCGTCGCCA,HCFJ2BGX2
cele-004-067,TTATTGAGGC,TCCGTCGCCA,HCFJ2BGX2
cele-004-068,ACGGCGTTAA,TCCGTCGCCA,HCFJ2BGX2
cele-004-069,GCATCGTATG,GGCTATGACT,HCFJ2BGX2
cele-004-070,AGGTCAGCTT,GGCTATGACT,HCFJ2BGX2
cele-004-071,ATAAGGACTC,GGCTATGACT,HCFJ2BGX2
cele-004-072,TTGCCGTAGG,GGCTATGACT,HCFJ2BGX2
cele-004-073,TTCGAATATT,GGCTATGACT,HCFJ2BGX2
cele-004-074,GATTCTTGAA,GGCTATGACT,HCFJ2BGX2
cele-004-075,TTGCGAGCAT,GGCTATGACT,HCFJ2BGX2
cele-004-076,GGCTTACTCC,GGCTATGACT,HCFJ2BGX2
cele-004-077,AATACGATAA,TGGACTTGAC,HCFJ2BGX2
cele-004-078,TATTAGACTT,TGGACTTGAC,HCFJ2BGX2
cele-004-079,TAGTAAGCCG,TGGACTTGAC,HCFJ2BGX2
cele-004-080,AGACCATATC,TGGACTTGAC,HCFJ2BGX2
cele-004-081,TGGACGACTA,TGGACTTGAC,HCFJ2BGX2
cele-004-082,GTAGCAGCTA,TGGACTTGAC,HCFJ2BGX2
cele-004-083,GCTTGAAGAG,TGGACTTGAC,HCFJ2BGX2
cele-004-084,GCGCGTTCAT,TGGACTTGAC,HCFJ2BGX2
cele-004-085,TTCCGTCGAC,ACTTCCGAAT,HCFJ2BGX2
cele-004-086,CTCAATTAGT,ACTTCCGAAT,HCFJ2BGX2
cele-004-087,ATTATGCAAG,ACTTCCGAAT,HCFJ2BGX2
cele-004-088,TTGGTAAGGA,ACTTCCGAAT,HCFJ2BGX2
cele-004-089,GTAGGCTGCA,ACTTCCGAAT,HCFJ2BGX2
cele-004-090,CCTCAGCTCC,ACTTCCGAAT,HCFJ2BGX2
cele-004-091,AGTCCGCTGC,ACTTCCGAAT,HCFJ2BGX2
cele-004-092,GAGCGCGATG,ACTTCCGAAT,HCFJ2BGX2
cele-005-001,CAGCTAGCGG,GACCTCTCTG,HGGN5BGX2
cele-005-002,GTAGGATAAG,GACCTCTCTG,HGGN5BGX2
cele-005-003,AAGTAGCTCA,GACCTCTCTG,HGGN5BGX2
cele-005-004,TAAGTCCTGA,GACCTCTCTG,HGGN5BGX2
cele-005-005,GCGGCTGCGG,GGCTAATTAA,HGGN5BGX2
cele-005-006,ACCAGGCGCA,GGCTAATTAA,HGGN5BGX2
cele-005-007,CCGTATGATT,GGCTAATTAA,HGGN5BGX2
cele-005-008,TTGATTGGCG,GGCTAATTAA,HGGN5BGX2
cele-005-009,CTAAGCCTTG,GGCTAATTAA,HGGN5BGX2
cele-005-010,CGTCGAGCGC,GGCTAATTAA,HGGN5BGX2
cele-005-011,TATTGCTGGA,GGCTAATTAA,HGGN5BGX2
cele-005-012,AGTTCTCATG,GGCTAATTAA,HGGN5BGX2
cele-005-013,AGATTACGTT,CGAGTTAGAG,HGGN5BGX2
cele-005-014,AGAGGAGAAT,CGAGTTAGAG,HGGN5BGX2
cele-005-015,AACGCGCAGA,CGAGTTAGAG,HGGN5BGX2
cele-005-016,GCATATGAGC,CGAGTTAGAG,HGGN5BGX2
cele-005-017,CGTTACCGCT,CGAGTTAGAG,HGGN5BGX2
cele-005-018,ACTATTCATT,CGAGTTAGAG,HGGN5BGX2
cele-005-019,CCAGATACGG,CGAGTTAGAG,HGGN5BGX2
cele-005-020,CAGACTAAGG,CGAGTTAGAG,HGGN5BGX2
cele-005-021,CTAACTAGGT,GATGATCGTA,HGGN5BGX2
cele-005-022,GTACTCCTAT,GATGATCGTA,HGGN5BGX2
cele-005-023,CTCGTCGTAG,GATGATCGTA,HGGN5BGX2
cele-005-024,GAACTCGACT,GATGATCGTA,HGGN5BGX2
cele-005-025,GACTGGACCA,GATGATCGTA,HGGN5BGX2
cele-005-026,TTGCTTAGAT,GATGATCGTA,HGGN5BGX2
cele-005-027,AACGAATTCG,GATGATCGTA,HGGN5BGX2
cele-005-028,TCTATCGCTG,GATGATCGTA,HGGN5BGX2
cele-005-029,CATAGCGACC,CGCCGCCTCC,HGGN5BGX2
cele-005-030,GCTAACGGAT,CGCCGCCTCC,HGGN5BGX2
cele-005-031,CTAATTGCGA,CGCCGCCTCC,HGGN5BGX2
cele-005-032,CTAGCCAGCC,CGCCGCCTCC,HGGN5BGX2
cele-005-033,GCAAGACCGT,CGCCGCCTCC,HGGN5BGX2
cele-005-034,CGAATGGAGC,CGCCGCCTCC,HGGN5BGX2
cele-005-035,CGCTTATCGT,CGCCGCCTCC,HGGN5BGX2
cele-005-036,GCGCTATGGT,CGCCGCCTCC,HGGN5BGX2
cele-005-037,CCGCTAAGAG,CAAGTACTGG,HGGN5BGX2
cele-005-038,AGTTGAATCA,CAAGTACTGG,HGGN5BGX2
cele-005-039,CGCGGCCATA,CAAGTACTGG,HGGN5BGX2
cele-005-040,TGCGACCTCT,CAAGTACTGG,HGGN5BGX2
cele-005-041,TCAATCTCCT,CAAGTACTGG,HGGN5BGX2
cele-005-042,CTATATAGCC,CAAGTACTGG,HGGN5BGX2
cele-005-043,AAGTACGCGA,CAAGTACTGG,HGGN5BGX2
cele-005-044,CATTATTATT,CAAGTACTGG,HGGN5BGX2
cele-005-045,ATGGAACGAA,CGGCGAGACC,HGGN5BGX2
cele-005-046,TGATTAGGTA,CGGCGAGACC,HGGN5BGX2
cele-005-047,AATATTACTT,CGGCGAGACC,HGGN5BGX2
cele-005-048,ATTCTTAGCT,CGGCGAGACC,HGGN5BGX2
cele-005-049,ATACCTCGAC,CGGCGAGACC,HGGN5BGX2
cele-005-050,CTACTAATAA,CGGCGAGACC,HGGN5BGX2
cele-005-051,GATCTTCGCA,CGGCGAGACC,HGGN5BGX2
cele-005-052,AGCCGTAGTT,CGGCGAGACC,HGGN5BGX2
cele-005-053,GCGTTCCGTT,GACCTCCGCC,HGGN5BGX2
cele-005-054,TCGTAGCATC,GACCTCCGCC,HGGN5BGX2
cele-005-055,ATTGGCAGAT,GACCTCCGCC,HGGN5BGX2
cele-005-056,TTGATACGAT,GACCTCCGCC,HGGN5BGX2
cele-005-057,TAGAGGCGTT,GACCTCCGCC,HGGN5BGX2
cele-005-058,TGGTTGCCGT,GACCTCCGCC,HGGN5BGX2
cele-005-059,TCTTAGCCTG,GACCTCCGCC,HGGN5BGX2
cele-005-060,TGATATTGCG,GACCTCCGCC,HGGN5BGX2
cele-005-061,GGTTATCGAA,TCTAGAACTA,HGGN5BGX2
cele-005-062,TCTTGAGGTT,TCTAGAACTA,HGGN5BGX2
cele-005-063,ATGGCGCCTG,TCTAGAACTA,HGGN5BGX2
cele-005-064,TATAATAGTT,TCTAGAACTA,HGGN5BGX2
cele-005-065,TAGGTAACTT,TCTAGAACTA,HGGN5BGX2
cele-005-066,TCCTCTGCCG,TCTAGAACTA,HGGN5BGX2
cele-005-067,TTATTGAGGC,TCTAGAACTA,HGGN5BGX2
cele-005-068,ACGGCGTTAA,TCTAGAACTA,HGGN5BGX2
cele-005-069,GCATCGTATG,CTAACTCCAA,HGGN5BGX2
cele-005-070,AGGTCAGCTT,CTAACTCCAA,HGGN5BGX2
cele-005-071,ATAAGGACTC,CTAACTCCAA,HGGN5BGX2
cele-005-072,TTGCCGTAGG,CTAACTCCAA,HGGN5BGX2
cele-005-073,TTCGAATATT,CTAACTCCAA,HGGN5BGX2
cele-005-074,GATTCTTGAA,CTAACTCCAA,HGGN5BGX2
cele-005-075,TTGCGAGCAT,CTAACTCCAA,HGGN5BGX2
cele-005-076,GGCTTACTCC,CTAACTCCAA,HGGN5BGX2
cele-005-077,AATACGATAA,ACCAAGATCT,HGGN5BGX2
cele-005-078,TATTAGACTT,ACCAAGATCT,HGGN5BGX2
cele-005-079,TAGTAAGCCG,ACCAAGATCT,HGGN5BGX2
cele-005-080,AGACCATATC,ACCAAGATCT,HGGN5BGX2
cele-005-081,TGGACGACTA,ACCAAGATCT,HGGN5BGX2
cele-005-082,GTAGCAGCTA,ACCAAGATCT,HGGN5BGX2
cele-005-083,GCTTGAAGAG,ACCAAGATCT,HGGN5BGX2
cele-005-084,GCGCGTTCAT,ACCAAGATCT,HGGN5BGX2
cele-005-085,TTCCGTCGAC,CGATCATTAC,HGGN5BGX2
cele-005-086,CTCAATTAGT,CGATCATTAC,HGGN5BGX2
cele-005-087,ATTATGCAAG,CGATCATTAC,HGGN5BGX2
cele-005-088,TTGGTAAGGA,CGATCATTAC,HGGN5BGX2
cele-005-089,GTAGGCTGCA,CGATCATTAC,HGGN5BGX2
cele-005-090,CCTCAGCTCC,CGATCATTAC,HGGN5BGX2
cele-005-091,AGTCCGCTGC,CGATCATTAC,HGGN5BGX2
cele-005-092,GAGCGCGATG,CGATCATTAC,HGGN5BGX2
cele-006-001,CAGCTAGCGG,TCCGTCGCCA,HGGN5BGX2
cele-006-002,GTAGGATAAG,TCCGTCGCCA,HGGN5BGX2
cele-006-003,AAGTAGCTCA,TCCGTCGCCA,HGGN5BGX2
cele-006-004,TAAGTCCTGA,TCCGTCGCCA,HGGN5BGX2
cele-006-005,GCGGCTGCGG,GGCTATGACT,HGGN5BGX2
cele-006-006,ACCAGGCGCA,GGCTATGACT,HGGN5BGX2
cele-006-007,CCGTATGATT,GGCTATGACT,HGGN5BGX2
cele-006-008,TTGATTGGCG,GGCTATGACT,HGGN5BGX2
cele-006-009,CTAAGCCTTG,GGCTATGACT,HGGN5BGX2
cele-006-010,CGTCGAGCGC,GGCTATGACT,HGGN5BGX2
cele-006-011,TATTGCTGGA,GGCTATGACT,HGGN5BGX2
cele-006-012,AGTTCTCATG,GGCTATGACT,HGGN5BGX2
cele-006-013,AGATTACGTT,TGGACTTGAC,HGGN5BGX2
cele-006-014,AGAGGAGAAT,TGGACTTGAC,HGGN5BGX2
cele-006-015,AACGCGCAGA,TGGACTTGAC,HGGN5BGX2
cele-006-016,GCATATGAGC,TGGACTTGAC,HGGN5BGX2
cele-006-017,CGTTACCGCT,TGGACTTGAC,HGGN5BGX2
cele-006-018,ACTATTCATT,TGGACTTGAC,HGGN5BGX2
cele-006-019,CCAGATACGG,TGGACTTGAC,HGGN5BGX2
cele-006-020,CAGACTAAGG,TGGACTTGAC,HGGN5BGX2
cele-006-021,CTAACTAGGT,ACTTCCGAAT,HGGN5BGX2
cele-006-022,GTACTCCTAT,ACTTCCGAAT,HGGN5BGX2
cele-006-023,CTCGTCGTAG,ACTTCCGAAT,HGGN5BGX2
cele-006-024,GAACTCGACT,ACTTCCGAAT,HGGN5BGX2
cele-006-025,GACTGGACCA,ACTTCCGAAT,HGGN5BGX2
cele-006-026,TTGCTTAGAT,ACTTCCGAAT,HGGN5BGX2
cele-006-027,AACGAATTCG,ACTTCCGAAT,HGGN5BGX2
cele-006-028,TCTATCGCTG,ACTTCCGAAT,HGGN5BGX2
cele-006-029,CATAGCGACC,GCTCTCGCCT,HGGN5BGX2
cele-006-030,GCTAACGGAT,GCTCTCGCCT,HGGN5BGX2
cele-006-031,CTAATTGCGA,GCTCTCGCCT,HGGN5BGX2
cele-006-032,CTAGCCAGCC,GCTCTCGCCT,HGGN5BGX2
cele-006-033,GCAAGACCGT,GCTCTCGCCT,HGGN5BGX2
cele-006-034,CGAATGGAGC,GCTCTCGCCT,HGGN5BGX2
cele-006-035,CGCTTATCGT,GCTCTCGCCT,HGGN5BGX2
cele-006-036,GCGCTATGGT,GCTCTCGCCT,HGGN5BGX2
cele-006-037,CCGCTAAGAG,ACTATCTTGA,HGGN5BGX2
cele-006-038,AGTTGAATCA,ACTATCTTGA,HGGN5BGX2
cele-006-039,CGCGGCCATA,ACTATCTTGA,HGGN5BGX2
cele-006-040,TGCGACCTCT,ACTATCTTGA,HGGN5BGX2
cele-006-041,TCAATCTCCT,ACTATCTTGA,HGGN5BGX2
cele-006-042,CTATATAGCC,ACTATCTTGA,HGGN5BGX2
cele-006-043,AAGTACGCGA,ACTATCTTGA,HGGN5BGX2
cele-006-044,CATTATTATT,ACTATCTTGA,HGGN5BGX2
cele-006-045,ATGGAACGAA,AGGTCAATTA,HGGN5BGX2
cele-006-046,TGATTAGGTA,AGGTCAATTA,HGGN5BGX2
cele-006-047,AATATTACTT,AGGTCAATTA,HGGN5BGX2
cele-006-048,ATTCTTAGCT,AGGTCAATTA,HGGN5BGX2
cele-006-049,ATACCTCGAC,AGGTCAATTA,HGGN5BGX2
cele-006-050,CTACTAATAA,AGGTCAATTA,HGGN5BGX2
cele-006-051,GATCTTCGCA,AGGTCAATTA,HGGN5BGX2
cele-006-052,AGCCGTAGTT,AGGTCAATTA,HGGN5BGX2
cele-006-053,GCGTTCCGTT,AAGCCGGCTG,HGGN5BGX2
cele-006-054,TCGTAGCATC,AAGCCGGCTG,HGGN5BGX2
cele-006-055,ATTGGCAGAT,AAGCCGGCTG,HGGN5BGX2
cele-006-056,TTGATACGAT,AAGCCGGCTG,HGGN5BGX2
cele-006-057,TAGAGGCGTT,AAGCCGGCTG,HGGN5BGX2
cele-006-058,TGGTTGCCGT,AAGCCGGCTG,HGGN5BGX2
cele-006-059,TCTTAGCCTG,AAGCCGGCTG,HGGN5BGX2
cele-006-060,TGATATTGCG,AAGCCGGCTG,HGGN5BGX2
cele-006-061,GGTTATCGAA,CTCCGGTTCT,HGGN5BGX2
cele-006-062,TCTTGAGGTT,CTCCGGTTCT,HGGN5BGX2
cele-006-063,ATGGCGCCTG,CTCCGGTTCT,HGGN5BGX2
cele-006-064,TATAATAGTT,CTCCGGTTCT,HGGN5BGX2
cele-006-065,TAGGTAACTT,CTCCGGTTCT,HGGN5BGX2
cele-006-066,TCCTCTGCCG,CTCCGGTTCT,HGGN5BGX2
cele-006-067,TTATTGAGGC,CTCCGGTTCT,HGGN5BGX2
cele-006-068,ACGGCGTTAA,CTCCGGTTCT,HGGN5BGX2
cele-006-069,GCATCGTATG,CATGCATCTC,HGGN5BGX2
cele-006-070,AGGTCAGCTT,CATGCATCTC,HGGN5BGX2
cele-006-071,ATAAGGACTC,CATGCATCTC,HGGN5BGX2
cele-006-072,TTGCCGTAGG,CATGCATCTC,HGGN5BGX2
cele-006-073,TTCGAATATT,CATGCATCTC,HGGN5BGX2
cele-006-074,GATTCTTGAA,CATGCATCTC,HGGN5BGX2
cele-006-075,TTGCGAGCAT,CATGCATCTC,HGGN5BGX2
cele-006-076,GGCTTACTCC,CATGCATCTC,HGGN5BGX2
cele-006-077,AATACGATAA,TCCGGTAATC,HGGN5BGX2
cele-006-078,TATTAGACTT,TCCGGTAATC,HGGN5BGX2
cele-006-079,TAGTAAGCCG,TCCGGTAATC,HGGN5BGX2
cele-006-080,AGACCATATC,TCCGGTAATC,HGGN5BGX2
cele-006-081,TGGACGACTA,TCCGGTAATC,HGGN5BGX2
cele-006-082,GTAGCAGCTA,TCCGGTAATC,HGGN5BGX2
cele-006-083,GCTTGAAGAG,TCCGGTAATC,HGGN5BGX2
cele-006-084,GCGCGTTCAT,TCCGGTAATC,HGGN5BGX2
cele-006-085,TTCCGTCGAC,ACCGTTACGA,HGGN5BGX2
cele-006-086,CTCAATTAGT,ACCGTTACGA,HGGN5BGX2
cele-006-087,ATTATGCAAG,ACCGTTACGA,HGGN5BGX2
cele-006-088,TTGGTAAGGA,ACCGTTACGA,HGGN5BGX2
cele-006-089,GTAGGCTGCA,ACCGTTACGA,HGGN5BGX2
cele-006-090,CCTCAGCTCC,ACCGTTACGA,HGGN5BGX2
cele-006-091,AGTCCGCTGC,ACCGTTACGA,HGGN5BGX2
cele-006-092,GAGCGCGATG,ACCGTTACGA,HGGN5BGX2
cele-007-001,CAGCTAGCGG,AACCTAGCTT,HGGN5BGX2
cele-007-002,GTAGGATAAG,AACCTAGCTT,HGGN5BGX2
cele-007-003,AAGTAGCTCA,AACCTAGCTT,HGGN5BGX2
cele-007-004,TAAGTCCTGA,AACCTAGCTT,HGGN5BGX2
cele-007-005,GCGGCTGCGG,AGTCCGCGGA,HGGN5BGX2
cele-007-006,ACCAGGCGCA,AGTCCGCGGA,HGGN5BGX2
cele-007-007,CCGTATGATT,AGTCCGCGGA,HGGN5BGX2
cele-007-008,TTGATTGGCG,AGTCCGCGGA,HGGN5BGX2
cele-007-009,CTAAGCCTTG,AGTCCGCGGA,HGGN5BGX2
cele-007-010,CGTCGAGCGC,AGTCCGCGGA,HGGN5BGX2
cele-007-011,TATTGCTGGA,AGTCCGCGGA,HGGN5BGX2
cele-007-012,AGTTCTCATG,AGTCCGCGGA,HGGN5BGX2
cele-007-013,AGATTACGTT,ACTATCCGCA,HGGN5BGX2
cele-007-014,AGAGGAGAAT,ACTATCCGCA,HGGN5BGX2
cele-007-015,AACGCGCAGA,ACTATCCGCA,HGGN5BGX2
cele-007-016,GCATATGAGC,ACTATCCGCA,HGGN5BGX2
cele-007-017,CGTTACCGCT,ACTATCCGCA,HGGN5BGX2
cele-007-018,ACTATTCATT,ACTATCCGCA,HGGN5BGX2
cele-007-019,CCAGATACGG,ACTATCCGCA,HGGN5BGX2
cele-007-020,CAGACTAAGG,ACTATCCGCA,HGGN5BGX2
cele-007-021,CTAACTAGGT,CGAGCTGCCA,HGGN5BGX2
cele-007-022,GTACTCCTAT,CGAGCTGCCA,HGGN5BGX2
cele-007-023,CTCGTCGTAG,CGAGCTGCCA,HGGN5BGX2
cele-007-024,GAACTCGACT,CGAGCTGCCA,HGGN5BGX2
cele-007-025,GACTGGACCA,CGAGCTGCCA,HGGN5BGX2
cele-007-026,TTGCTTAGAT,CGAGCTGCCA,HGGN5BGX2
cele-007-027,AACGAATTCG,CGAGCTGCCA,HGGN5BGX2
cele-007-028,TCTATCGCTG,CGAGCTGCCA,HGGN5BGX2
cele-007-029,CATAGCGACC,AACTACCGAC,HGGN5BGX2
cele-007-030,GCTAACGGAT,AACTACCGAC,HGGN5BGX2
cele-007-031,CTAATTGCGA,AACTACCGAC,HGGN5BGX2
cele-007-032,CTAGCCAGCC,AACTACCGAC,HGGN5BGX2
cele-007-033,GCAAGACCGT,AACTACCGAC,HGGN5BGX2
cele-007-034,CGAATGGAGC,AACTACCGAC,HGGN5BGX2
cele-007-035,CGCTTATCGT,AACTACCGAC,HGGN5BGX2
cele-007-036,GCGCTATGGT,AACTACCGAC,HGGN5BGX2
cele-007-037,CCGCTAAGAG,CGTCCGTCCT,HGGN5BGX2
cele-007-038,AGTTGAATCA,CGTCCGTCCT,HGGN5BGX2
cele-007-039,CGCGGCCATA,CGTCCGTCCT,HGGN5BGX2
cele-007-040,TGCGACCTCT,CGTCCGTCCT,HGGN5BGX2
cele-007-041,TCAATCTCCT,CGTCCGTCCT,HGGN5BGX2
cele-007-042,CTATATAGCC,CGTCCGTCCT,HGGN5BGX2
cele-007-043,AAGTACGCGA,CGTCCGTCCT,HGGN5BGX2
cele-007-044,CATTATTATT,CGTCCGTCCT,HGGN5BGX2
cele-007-045,ATGGAACGAA,GGTCCAGGAG,HGGN5BGX2
cele-007-046,TGATTAGGTA,GGTCCAGGAG,HGGN5BGX2
cele-007-047,AATATTACTT,GGTCCAGGAG,HGGN5BGX2
cele-007-048,ATTCTTAGCT,GGTCCAGGAG,HGGN5BGX2
cele-007-049,ATACCTCGAC,GGTCCAGGAG,HGGN5BGX2
cele-007-050,CTACTAATAA,GGTCCAGGAG,HGGN5BGX2
cele-007-051,GATCTTCGCA,GGTCCAGGAG,HGGN5BGX2
cele-007-052,AGCCGTAGTT,GGTCCAGGAG,HGGN5BGX2
cele-007-053,GCGTTCCGTT,AACGAGGCTA,HGGN5BGX2
cele-007-054,TCGTAGCATC,AACGAGGCTA,HGGN5BGX2
cele-007-055,ATTGGCAGAT,AACGAGGCTA,HGGN5BGX2
cele-007-056,TTGATACGAT,AACGAGGCTA,HGGN5BGX2
cele-007-057,TAGAGGCGTT,AACGAGGCTA,HGGN5BGX2
cele-007-058,TGGTTGCCGT,AACGAGGCTA,HGGN5BGX2
cele-007-059,TCTTAGCCTG,AACGAGGCTA,HGGN5BGX2
cele-007-060,TGATATTGCG,AACGAGGCTA,HGGN5BGX2
cele-007-061,GGTTATCGAA,ACGTTCAACC,HGGN5BGX2
cele-007-062,TCTTGAGGTT,ACGTTCAACC,HGGN5BGX2
cele-007-063,ATGGCGCCTG,ACGTTCAACC,HGGN5BGX2
cele-007-064,TATAATAGTT,ACGTTCAACC,HGGN5BGX2
cele-007-065,TAGGTAACTT,ACGTTCAACC,HGGN5BGX2
cele-007-066,TCCTCTGCCG,ACGTTCAACC,HGGN5BGX2
cele-007-067,TTATTGAGGC,ACGTTCAACC,HGGN5BGX2
cele-007-068,ACGGCGTTAA,ACGTTCAACC,HGGN5BGX2
cele-007-069,GCATCGTATG,ACGAGGACCT,HGGN5BGX2
cele-007-070,AGGTCAGCTT,ACGAGGACCT,HGGN5BGX2
cele-007-071,ATAAGGACTC,ACGAGGACCT,HGGN5BGX2
cele-007-072,TTGCCGTAGG,ACGAGGACCT,HGGN5BGX2
cele-007-073,TTCGAATATT,ACGAGGACCT,HGGN5BGX2
cele-007-074,GATTCTTGAA,ACGAGGACCT,HGGN5BGX2
cele-007-075,TTGCGAGCAT,ACGAGGACCT,HGGN5BGX2
cele-007-076,GGCTTACTCC,ACGAGGACCT,HGGN5BGX2
cele-007-077,AATACGATAA,TATAACTTCC,HGGN5BGX2
cele-007-078,TATTAGACTT,TATAACTTCC,HGGN5BGX2
cele-007-079,TAGTAAGCCG,TATAACTTCC,HGGN5BGX2
cele-007-080,AGACCATATC,TATAACTTCC,HGGN5BGX2
cele-007-081,TGGACGACTA,TATAACTTCC,HGGN5BGX2
cele-007-082,GTAGCAGCTA,TATAACTTCC,HGGN5BGX2
cele-007-083,GCTTGAAGAG,TATAACTTCC,HGGN5BGX2
cele-007-084,GCGCGTTCAT,TATAACTTCC,HGGN5BGX2
cele-007-085,TTCCGTCGAC,AGGATTACCA,HGGN5BGX2
cele-007-086,CTCAATTAGT,AGGATTACCA,HGGN5BGX2
cele-007-087,ATTATGCAAG,AGGATTACCA,HGGN5BGX2
cele-007-088,TTGGTAAGGA,AGGATTACCA,HGGN5BGX2
cele-007-089,GTAGGCTGCA,AGGATTACCA,HGGN5BGX2
cele-007-090,CCTCAGCTCC,AGGATTACCA,HGGN5BGX2
cele-007-091,AGTCCGCTGC,AGGATTACCA,HGGN5BGX2
cele-007-092,GAGCGCGATG,AGGATTACCA,HGGN5BGX2
293Tcele-005-001,TCGGATTCGG,GACCTCTCTG,HGGN5BGX2
293Tcele-005-002,TCCGGCTTAT,GACCTCTCTG,HGGN5BGX2
293Tcele-005-003,TCGCCGCCGG,GACCTCTCTG,HGGN5BGX2
293Tcele-005-004,TTGGCAAGCC,GACCTCTCTG,HGGN5BGX2
293Tcele-006-001,TCGGATTCGG,TCCGTCGCCA,HGGN5BGX2
293Tcele-006-002,TCCGGCTTAT,TCCGTCGCCA,HGGN5BGX2
293Tcele-006-003,TCGCCGCCGG,TCCGTCGCCA,HGGN5BGX2
293Tcele-006-004,TTGGCAAGCC,TCCGTCGCCA,HGGN5BGX2
293Tcele-007-001,TCGGATTCGG,AACCTAGCTT,HGGN5BGX2
293Tcele-007-002,TCCGGCTTAT,AACCTAGCTT,HGGN5BGX2
293Tcele-007-003,TCGCCGCCGG,AACCTAGCTT,HGGN5BGX2
293Tcele-007-004,TTGGCAAGCC,AACCTAGCTT,HGGN5BGX2
293Tcele-008-001,TCGGATTCGG,GACCGTAGCA,HGGN5BGX2
293Tcele-008-002,TCCGGCTTAT,GACCGTAGCA,HGGN5BGX2
293Tcele-008-003,TCGCCGCCGG,GACCGTAGCA,HGGN5BGX2
293Tcele-008-004,TTGGCAAGCC,GACCGTAGCA,HGGN5BGX2
cele-008-001,CAGCTAGCGG,CAAGCTTGGC,H7HYGBGX2
cele-008-002,GTAGGATAAG,CAAGCTTGGC,H7HYGBGX2
cele-008-003,AAGTAGCTCA,CAAGCTTGGC,H7HYGBGX2
cele-008-004,TAAGTCCTGA,CAAGCTTGGC,H7HYGBGX2
cele-008-005,GCGGCTGCGG,ATAGGATATG,H7HYGBGX2
cele-008-006,ACCAGGCGCA,ATAGGATATG,H7HYGBGX2
cele-008-007,CCGTATGATT,ATAGGATATG,H7HYGBGX2
cele-008-008,TTGATTGGCG,ATAGGATATG,H7HYGBGX2
cele-008-009,CTAAGCCTTG,ATAGGATATG,H7HYGBGX2
cele-008-010,CGTCGAGCGC,ATAGGATATG,H7HYGBGX2
cele-008-011,TATTGCTGGA,ATAGGATATG,H7HYGBGX2
cele-008-012,AGTTCTCATG,ATAGGATATG,H7HYGBGX2
cele-008-013,AGATTACGTT,TGGCGTAGGT,H7HYGBGX2
cele-008-014,AGAGGAGAAT,TGGCGTAGGT,H7HYGBGX2
cele-008-015,AACGCGCAGA,TGGCGTAGGT,H7HYGBGX2
cele-008-016,GCATATGAGC,TGGCGTAGGT,H7HYGBGX2
cele-008-017,CGTTACCGCT,TGGCGTAGGT,H7HYGBGX2
cele-008-018,ACTATTCATT,TGGCGTAGGT,H7HYGBGX2
cele-008-019,CCAGATACGG,TGGCGTAGGT,H7HYGBGX2
cele-008-020,CAGACTAAGG,TGGCGTAGGT,H7HYGBGX2
cele-008-021,CTAACTAGGT,ACTGAATTCC,H7HYGBGX2
cele-008-022,GTACTCCTAT,ACTGAATTCC,H7HYGBGX2
cele-008-023,CTCGTCGTAG,ACTGAATTCC,H7HYGBGX2
cele-008-024,GAACTCGACT,ACTGAATTCC,H7HYGBGX2
cele-008-025,GACTGGACCA,ACTGAATTCC,H7HYGBGX2
cele-008-026,TTGCTTAGAT,ACTGAATTCC,H7HYGBGX2
cele-008-027,AACGAATTCG,ACTGAATTCC,H7HYGBGX2
cele-008-028,TCTATCGCTG,ACTGAATTCC,H7HYGBGX2
cele-008-029,CATAGCGACC,GACCGTAGCA,H7HYGBGX2
cele-008-030,GCTAACGGAT,GACCGTAGCA,H7HYGBGX2
cele-008-031,CTAATTGCGA,GACCGTAGCA,H7HYGBGX2
cele-008-032,CTAGCCAGCC,GACCGTAGCA,H7HYGBGX2
cele-008-033,GCAAGACCGT,GACCGTAGCA,H7HYGBGX2
cele-008-034,CGAATGGAGC,GACCGTAGCA,H7HYGBGX2
cele-008-035,CGCTTATCGT,GACCGTAGCA,H7HYGBGX2
cele-008-036,GCGCTATGGT,GACCGTAGCA,H7HYGBGX2
cele-008-037,CCGCTAAGAG,GTCATTGCGC,H7HYGBGX2
cele-008-038,AGTTGAATCA,GTCATTGCGC,H7HYGBGX2
cele-008-039,CGCGGCCATA,GTCATTGCGC,H7HYGBGX2
cele-008-040,TGCGACCTCT,GTCATTGCGC,H7HYGBGX2
cele-008-041,TCAATCTCCT,GTCATTGCGC,H7HYGBGX2
cele-008-042,CTATATAGCC,GTCATTGCGC,H7HYGBGX2
cele-008-043,AAGTACGCGA,GTCATTGCGC,H7HYGBGX2
cele-008-044,CATTATTATT,GTCATTGCGC,H7HYGBGX2
cele-008-045,ATGGAACGAA,CAAGATTAAG,H7HYGBGX2
cele-008-046,TGATTAGGTA,CAAGATTAAG,H7HYGBGX2
cele-008-047,AATATTACTT,CAAGATTAAG,H7HYGBGX2
cele-008-048,ATTCTTAGCT,CAAGATTAAG,H7HYGBGX2
cele-008-049,ATACCTCGAC,CAAGATTAAG,H7HYGBGX2
cele-008-050,CTACTAATAA,CAAGATTAAG,H7HYGBGX2
cele-008-051,GATCTTCGCA,CAAGATTAAG,H7HYGBGX2
cele-008-052,AGCCGTAGTT,CAAGATTAAG,H7HYGBGX2
cele-008-053,GCGTTCCGTT,ACGCAACTCC,H7HYGBGX2
cele-008-054,TCGTAGCATC,ACGCAACTCC,H7HYGBGX2
cele-008-055,ATTGGCAGAT,ACGCAACTCC,H7HYGBGX2
cele-008-056,TTGATACGAT,ACGCAACTCC,H7HYGBGX2
cele-008-057,TAGAGGCGTT,ACGCAACTCC,H7HYGBGX2
cele-008-058,TGGTTGCCGT,ACGCAACTCC,H7HYGBGX2
cele-008-059,TCTTAGCCTG,ACGCAACTCC,H7HYGBGX2
cele-008-060,TGATATTGCG,ACGCAACTCC,H7HYGBGX2
cele-008-061,GGTTATCGAA,TGATACGAGT,H7HYGBGX2
cele-008-062,TCTTGAGGTT,TGATACGAGT,H7HYGBGX2
cele-008-063,ATGGCGCCTG,TGATACGAGT,H7HYGBGX2
cele-008-064,TATAATAGTT,TGATACGAGT,H7HYGBGX2
cele-008-065,TAGGTAACTT,TGATACGAGT,H7HYGBGX2
cele-008-066,TCCTCTGCCG,TGATACGAGT,H7HYGBGX2
cele-008-067,TTATTGAGGC,TGATACGAGT,H7HYGBGX2
cele-008-068,ACGGCGTTAA,TGATACGAGT,H7HYGBGX2
cele-008-069,GCATCGTATG,CATTATTACC,H7HYGBGX2
cele-008-070,AGGTCAGCTT,CATTATTACC,H7HYGBGX2
cele-008-071,ATAAGGACTC,CATTATTACC,H7HYGBGX2
cele-008-072,TTGCCGTAGG,CATTATTACC,H7HYGBGX2
cele-008-073,TTCGAATATT,CATTATTACC,H7HYGBGX2
cele-008-074,GATTCTTGAA,CATTATTACC,H7HYGBGX2
cele-008-075,TTGCGAGCAT,CATTATTACC,H7HYGBGX2
cele-008-076,GGCTTACTCC,CATTATTACC,H7HYGBGX2
cele-008-077,AATACGATAA,TCTATAAGGA,H7HYGBGX2
cele-008-078,TATTAGACTT,TCTATAAGGA,H7HYGBGX2
cele-008-079,TAGTAAGCCG,TCTATAAGGA,H7HYGBGX2
cele-008-080,AGACCATATC,TCTATAAGGA,H7HYGBGX2
cele-008-081,TGGACGACTA,TCTATAAGGA,H7HYGBGX2
cele-008-082,GTAGCAGCTA,TCTATAAGGA,H7HYGBGX2
cele-008-083,GCTTGAAGAG,TCTATAAGGA,H7HYGBGX2
cele-008-084,GCGCGTTCAT,TCTATAAGGA,H7HYGBGX2
cele-008-085,TTCCGTCGAC,TTGGAGTCGG,H7HYGBGX2
cele-008-086,CTCAATTAGT,TTGGAGTCGG,H7HYGBGX2
cele-008-087,ATTATGCAAG,TTGGAGTCGG,H7HYGBGX2
cele-008-088,TTGGTAAGGA,TTGGAGTCGG,H7HYGBGX2
cele-008-089,GTAGGCTGCA,TTGGAGTCGG,H7HYGBGX2
cele-008-090,CCTCAGCTCC,TTGGAGTCGG,H7HYGBGX2
cele-008-091,AGTCCGCTGC,TTGGAGTCGG,H7HYGBGX2
cele-008-092,GAGCGCGATG,TTGGAGTCGG,H7HYGBGX2
cele-009-001,CAGCTAGCGG,GATGATCGTA,H7HYGBGX2
cele-009-002,GTAGGATAAG,GATGATCGTA,H7HYGBGX2
cele-009-003,AAGTAGCTCA,GATGATCGTA,H7HYGBGX2
cele-009-004,TAAGTCCTGA,GATGATCGTA,H7HYGBGX2
cele-009-005,GCGGCTGCGG,CGAGTTAGAG,H7HYGBGX2
cele-009-006,ACCAGGCGCA,CGAGTTAGAG,H7HYGBGX2
cele-009-007,CCGTATGATT,CGAGTTAGAG,H7HYGBGX2
cele-009-008,TTGATTGGCG,CGAGTTAGAG,H7HYGBGX2
cele-009-009,CTAAGCCTTG,CGAGTTAGAG,H7HYGBGX2
cele-009-010,CGTCGAGCGC,CGAGTTAGAG,H7HYGBGX2
cele-009-011,TATTGCTGGA,CGAGTTAGAG,H7HYGBGX2
cele-009-012,AGTTCTCATG,CGAGTTAGAG,H7HYGBGX2
cele-009-013,AGATTACGTT,GGCTAATTAA,H7HYGBGX2
cele-009-014,AGAGGAGAAT,GGCTAATTAA,H7HYGBGX2
cele-009-015,AACGCGCAGA,GGCTAATTAA,H7HYGBGX2
cele-009-016,GCATATGAGC,GGCTAATTAA,H7HYGBGX2
cele-009-017,CGTTACCGCT,GGCTAATTAA,H7HYGBGX2
cele-009-018,ACTATTCATT,GGCTAATTAA,H7HYGBGX2
cele-009-019,CCAGATACGG,GGCTAATTAA,H7HYGBGX2
cele-009-020,CAGACTAAGG,GGCTAATTAA,H7HYGBGX2
cele-009-021,CTAACTAGGT,GACCTCTCTG,H7HYGBGX2
cele-009-022,GTACTCCTAT,GACCTCTCTG,H7HYGBGX2
cele-009-023,CTCGTCGTAG,GACCTCTCTG,H7HYGBGX2
cele-009-024,GAACTCGACT,GACCTCTCTG,H7HYGBGX2
cele-009-025,GACTGGACCA,GACCTCTCTG,H7HYGBGX2
cele-009-026,TTGCTTAGAT,GACCTCTCTG,H7HYGBGX2
cele-009-027,AACGAATTCG,GACCTCTCTG,H7HYGBGX2
cele-009-028,TCTATCGCTG,GACCTCTCTG,H7HYGBGX2
cele-009-029,CATAGCGACC,CGATCATTAC,H7HYGBGX2
cele-009-030,GCTAACGGAT,CGATCATTAC,H7HYGBGX2
cele-009-031,CTAATTGCGA,CGATCATTAC,H7HYGBGX2
cele-009-032,CTAGCCAGCC,CGATCATTAC,H7HYGBGX2
cele-009-033,GCAAGACCGT,CGATCATTAC,H7HYGBGX2
cele-009-034,CGAATGGAGC,CGATCATTAC,H7HYGBGX2
cele-009-035,CGCTTATCGT,CGATCATTAC,H7HYGBGX2
cele-009-036,GCGCTATGGT,CGATCATTAC,H7HYGBGX2
cele-009-037,CCGCTAAGAG,ACCAAGATCT,H7HYGBGX2
cele-009-038,AGTTGAATCA,ACCAAGATCT,H7HYGBGX2
cele-009-039,CGCGGCCATA,ACCAAGATCT,H7HYGBGX2
cele-009-040,TGCGACCTCT,ACCAAGATCT,H7HYGBGX2
cele-009-041,TCAATCTCCT,ACCAAGATCT,H7HYGBGX2
cele-009-042,CTATATAGCC,ACCAAGATCT,H7HYGBGX2
cele-009-043,AAGTACGCGA,ACCAAGATCT,H7HYGBGX2
cele-009-044,CATTATTATT,ACCAAGATCT,H7HYGBGX2
cele-009-045,ATGGAACGAA,CTAACTCCAA,H7HYGBGX2
cele-009-046,TGATTAGGTA,CTAACTCCAA,H7HYGBGX2
cele-009-047,AATATTACTT,CTAACTCCAA,H7HYGBGX2
cele-009-048,ATTCTTAGCT,CTAACTCCAA,H7HYGBGX2
cele-009-049,ATACCTCGAC,CTAACTCCAA,H7HYGBGX2
cele-009-050,CTACTAATAA,CTAACTCCAA,H7HYGBGX2
cele-009-051,GATCTTCGCA,CTAACTCCAA,H7HYGBGX2
cele-009-052,AGCCGTAGTT,CTAACTCCAA,H7HYGBGX2
cele-009-053,GCGTTCCGTT,TCTAGAACTA,H7HYGBGX2
cele-009-054,TCGTAGCATC,TCTAGAACTA,H7HYGBGX2
cele-009-055,ATTGGCAGAT,TCTAGAACTA,H7HYGBGX2
cele-009-056,TTGATACGAT,TCTAGAACTA,H7HYGBGX2
cele-009-057,TAGAGGCGTT,TCTAGAACTA,H7HYGBGX2
cele-009-058,TGGTTGCCGT,TCTAGAACTA,H7HYGBGX2
cele-009-059,TCTTAGCCTG,TCTAGAACTA,H7HYGBGX2
cele-009-060,TGATATTGCG,TCTAGAACTA,H7HYGBGX2
cele-009-061,GGTTATCGAA,GACCTCCGCC,H7HYGBGX2
cele-009-062,TCTTGAGGTT,GACCTCCGCC,H7HYGBGX2
cele-009-063,ATGGCGCCTG,GACCTCCGCC,H7HYGBGX2
cele-009-064,TATAATAGTT,GACCTCCGCC,H7HYGBGX2
cele-009-065,TAGGTAACTT,GACCTCCGCC,H7HYGBGX2
cele-009-066,TCCTCTGCCG,GACCTCCGCC,H7HYGBGX2
cele-009-067,TTATTGAGGC,GACCTCCGCC,H7HYGBGX2
cele-009-068,ACGGCGTTAA,GACCTCCGCC,H7HYGBGX2
cele-009-069,GCATCGTATG,CGGCGAGACC,H7HYGBGX2
cele-009-070,AGGTCAGCTT,CGGCGAGACC,H7HYGBGX2
cele-009-071,ATAAGGACTC,CGGCGAGACC,H7HYGBGX2
cele-009-072,TTGCCGTAGG,CGGCGAGACC,H7HYGBGX2
cele-009-073,TTCGAATATT,CGGCGAGACC,H7HYGBGX2
cele-009-074,GATTCTTGAA,CGGCGAGACC,H7HYGBGX2
cele-009-075,TTGCGAGCAT,CGGCGAGACC,H7HYGBGX2
cele-009-076,GGCTTACTCC,CGGCGAGACC,H7HYGBGX2
cele-009-077,AATACGATAA,CAAGTACTGG,H7HYGBGX2
cele-009-078,TATTAGACTT,CAAGTACTGG,H7HYGBGX2
cele-009-079,TAGTAAGCCG,CAAGTACTGG,H7HYGBGX2
cele-009-080,AGACCATATC,CAAGTACTGG,H7HYGBGX2
cele-009-081,TGGACGACTA,CAAGTACTGG,H7HYGBGX2
cele-009-082,GTAGCAGCTA,CAAGTACTGG,H7HYGBGX2
cele-009-083,GCTTGAAGAG,CAAGTACTGG,H7HYGBGX2
cele-009-084,GCGCGTTCAT,CAAGTACTGG,H7HYGBGX2
cele-009-085,TTCCGTCGAC,CGCCGCCTCC,H7HYGBGX2
cele-009-086,CTCAATTAGT,CGCCGCCTCC,H7HYGBGX2
cele-009-087,ATTATGCAAG,CGCCGCCTCC,H7HYGBGX2
cele-009-088,TTGGTAAGGA,CGCCGCCTCC,H7HYGBGX2
cele-009-089,GTAGGCTGCA,CGCCGCCTCC,H7HYGBGX2
cele-009-090,CCTCAGCTCC,CGCCGCCTCC,H7HYGBGX2
cele-009-091,AGTCCGCTGC,CGCCGCCTCC,H7HYGBGX2
cele-009-092,GAGCGCGATG,CGCCGCCTCC,H7HYGBGX2
cele-010-001,CAGCTAGCGG,ACTTCCGAAT,H7HYGBGX2
cele-010-002,GTAGGATAAG,ACTTCCGAAT,H7HYGBGX2
cele-010-003,AAGTAGCTCA,ACTTCCGAAT,H7HYGBGX2
cele-010-004,TAAGTCCTGA,ACTTCCGAAT,H7HYGBGX2
cele-010-005,GCGGCTGCGG,TGGACTTGAC,H7HYGBGX2
cele-010-006,ACCAGGCGCA,TGGACTTGAC,H7HYGBGX2
cele-010-007,CCGTATGATT,TGGACTTGAC,H7HYGBGX2
cele-010-008,TTGATTGGCG,TGGACTTGAC,H7HYGBGX2
cele-010-009,CTAAGCCTTG,TGGACTTGAC,H7HYGBGX2
cele-010-010,CGTCGAGCGC,TGGACTTGAC,H7HYGBGX2
cele-010-011,TATTGCTGGA,TGGACTTGAC,H7HYGBGX2
cele-010-012,AGTTCTCATG,TGGACTTGAC,H7HYGBGX2
cele-010-013,AGATTACGTT,GGCTATGACT,H7HYGBGX2
cele-010-014,AGAGGAGAAT,GGCTATGACT,H7HYGBGX2
cele-010-015,AACGCGCAGA,GGCTATGACT,H7HYGBGX2
cele-010-016,GCATATGAGC,GGCTATGACT,H7HYGBGX2
cele-010-017,CGTTACCGCT,GGCTATGACT,H7HYGBGX2
cele-010-018,ACTATTCATT,GGCTATGACT,H7HYGBGX2
cele-010-019,CCAGATACGG,GGCTATGACT,H7HYGBGX2
cele-010-020,CAGACTAAGG,GGCTATGACT,H7HYGBGX2
cele-010-021,CTAACTAGGT,TCCGTCGCCA,H7HYGBGX2
cele-010-022,GTACTCCTAT,TCCGTCGCCA,H7HYGBGX2
cele-010-023,CTCGTCGTAG,TCCGTCGCCA,H7HYGBGX2
cele-010-024,GAACTCGACT,TCCGTCGCCA,H7HYGBGX2
cele-010-025,GACTGGACCA,TCCGTCGCCA,H7HYGBGX2
cele-010-026,TTGCTTAGAT,TCCGTCGCCA,H7HYGBGX2
cele-010-027,AACGAATTCG,TCCGTCGCCA,H7HYGBGX2
cele-010-028,TCTATCGCTG,TCCGTCGCCA,H7HYGBGX2
cele-010-029,CATAGCGACC,ACCGTTACGA,H7HYGBGX2
cele-010-030,GCTAACGGAT,ACCGTTACGA,H7HYGBGX2
cele-010-031,CTAATTGCGA,ACCGTTACGA,H7HYGBGX2
cele-010-032,CTAGCCAGCC,ACCGTTACGA,H7HYGBGX2
cele-010-033,GCAAGACCGT,ACCGTTACGA,H7HYGBGX2
cele-010-034,CGAATGGAGC,ACCGTTACGA,H7HYGBGX2
cele-010-035,CGCTTATCGT,ACCGTTACGA,H7HYGBGX2
cele-010-036,GCGCTATGGT,ACCGTTACGA,H7HYGBGX2
cele-010-037,CCGCTAAGAG,TCCGGTAATC,H7HYGBGX2
cele-010-038,AGTTGAATCA,TCCGGTAATC,H7HYGBGX2
cele-010-039,CGCGGCCATA,TCCGGTAATC,H7HYGBGX2
cele-010-040,TGCGACCTCT,TCCGGTAATC,H7HYGBGX2
cele-010-041,TCAATCTCCT,TCCGGTAATC,H7HYGBGX2
cele-010-042,CTATATAGCC,TCCGGTAATC,H7HYGBGX2
cele-010-043,AAGTACGCGA,TCCGGTAATC,H7HYGBGX2
cele-010-044,CATTATTATT,TCCGGTAATC,H7HYGBGX2
cele-010-045,ATGGAACGAA,CATGCATCTC,H7HYGBGX2
cele-010-046,TGATTAGGTA,CATGCATCTC,H7HYGBGX2
cele-010-047,AATATTACTT,CATGCATCTC,H7HYGBGX2
cele-010-048,ATTCTTAGCT,CATGCATCTC,H7HYGBGX2
cele-010-049,ATACCTCGAC,CATGCATCTC,H7HYGBGX2
cele-010-050,CTACTAATAA,CATGCATCTC,H7HYGBGX2
cele-010-051,GATCTTCGCA,CATGCATCTC,H7HYGBGX2
cele-010-052,AGCCGTAGTT,CATGCATCTC,H7HYGBGX2
cele-010-053,GCGTTCCGTT,CTCCGGTTCT,H7HYGBGX2
cele-010-054,TCGTAGCATC,CTCCGGTTCT,H7HYGBGX2
cele-010-055,ATTGGCAGAT,CTCCGGTTCT,H7HYGBGX2
cele-010-056,TTGATACGAT,CTCCGGTTCT,H7HYGBGX2
cele-010-057,TAGAGGCGTT,CTCCGGTTCT,H7HYGBGX2
cele-010-058,TGGTTGCCGT,CTCCGGTTCT,H7HYGBGX2
cele-010-059,TCTTAGCCTG,CTCCGGTTCT,H7HYGBGX2
cele-010-060,TGATATTGCG,CTCCGGTTCT,H7HYGBGX2
cele-010-061,GGTTATCGAA,AAGCCGGCTG,H7HYGBGX2
cele-010-062,TCTTGAGGTT,AAGCCGGCTG,H7HYGBGX2
cele-010-063,ATGGCGCCTG,AAGCCGGCTG,H7HYGBGX2
cele-010-064,TATAATAGTT,AAGCCGGCTG,H7HYGBGX2
cele-010-065,TAGGTAACTT,AAGCCGGCTG,H7HYGBGX2
cele-010-066,TCCTCTGCCG,AAGCCGGCTG,H7HYGBGX2
cele-010-067,TTATTGAGGC,AAGCCGGCTG,H7HYGBGX2
cele-010-068,ACGGCGTTAA,AAGCCGGCTG,H7HYGBGX2
cele-010-069,GCATCGTATG,AGGTCAATTA,H7HYGBGX2
cele-010-070,AGGTCAGCTT,AGGTCAATTA,H7HYGBGX2
cele-010-071,ATAAGGACTC,AGGTCAATTA,H7HYGBGX2
cele-010-072,TTGCCGTAGG,AGGTCAATTA,H7HYGBGX2
cele-010-073,TTCGAATATT,AGGTCAATTA,H7HYGBGX2
cele-010-074,GATTCTTGAA,AGGTCAATTA,H7HYGBGX2
cele-010-075,TTGCGAGCAT,AGGTCAATTA,H7HYGBGX2
cele-010-076,GGCTTACTCC,AGGTCAATTA,H7HYGBGX2
cele-010-077,AATACGATAA,ACTATCTTGA,H7HYGBGX2
cele-010-078,TATTAGACTT,ACTATCTTGA,H7HYGBGX2
cele-010-079,TAGTAAGCCG,ACTATCTTGA,H7HYGBGX2
cele-010-080,AGACCATATC,ACTATCTTGA,H7HYGBGX2
cele-010-081,TGGACGACTA,ACTATCTTGA,H7HYGBGX2
cele-010-082,GTAGCAGCTA,ACTATCTTGA,H7HYGBGX2
cele-010-083,GCTTGAAGAG,ACTATCTTGA,H7HYGBGX2
cele-010-084,GCGCGTTCAT,ACTATCTTGA,H7HYGBGX2
cele-010-085,TTCCGTCGAC,GCTCTCGCCT,H7HYGBGX2
cele-010-086,CTCAATTAGT,GCTCTCGCCT,H7HYGBGX2
cele-010-087,ATTATGCAAG,GCTCTCGCCT,H7HYGBGX2
cele-010-088,TTGGTAAGGA,GCTCTCGCCT,H7HYGBGX2
cele-010-089,GTAGGCTGCA,GCTCTCGCCT,H7HYGBGX2
cele-010-090,CCTCAGCTCC,GCTCTCGCCT,H7HYGBGX2
cele-010-091,AGTCCGCTGC,GCTCTCGCCT,H7HYGBGX2
cele-010-092,GAGCGCGATG,GCTCTCGCCT,H7HYGBGX2
293Tcele-009-001,TCGGATTCGG,GATGATCGTA,H7HYGBGX2
293Tcele-009-002,TCCGGCTTAT,GATGATCGTA,H7HYGBGX2
293Tcele-009-003,TCGCCGCCGG,GATGATCGTA,H7HYGBGX2
293Tcele-009-004,TTGGCAAGCC,GATGATCGTA,H7HYGBGX2
293Tcele-010-001,TCGGATTCGG,ACTTCCGAAT,H7HYGBGX2
293Tcele-010-002,TCCGGCTTAT,ACTTCCGAAT,H7HYGBGX2
293Tcele-010-003,TCGCCGCCGG,ACTTCCGAAT,H7HYGBGX2
293Tcele-010-004,TTGGCAAGCC,ACTTCCGAAT,H7HYGBGX2
cele-005-001,CAGCTAGCGG,GACCTCTCTG,HHJYJBGX2
cele-005-002,GTAGGATAAG,GACCTCTCTG,HHJYJBGX2
cele-005-003,AAGTAGCTCA,GACCTCTCTG,HHJYJBGX2
cele-005-004,TAAGTCCTGA,GACCTCTCTG,HHJYJBGX2
cele-005-005,GCGGCTGCGG,GGCTAATTAA,HHJYJBGX2
cele-005-006,ACCAGGCGCA,GGCTAATTAA,HHJYJBGX2
cele-005-007,CCGTATGATT,GGCTAATTAA,HHJYJBGX2
cele-005-008,TTGATTGGCG,GGCTAATTAA,HHJYJBGX2
cele-005-009,CTAAGCCTTG,GGCTAATTAA,HHJYJBGX2
cele-005-010,CGTCGAGCGC,GGCTAATTAA,HHJYJBGX2
cele-005-011,TATTGCTGGA,GGCTAATTAA,HHJYJBGX2
cele-005-012,AGTTCTCATG,GGCTAATTAA,HHJYJBGX2
cele-005-013,AGATTACGTT,CGAGTTAGAG,HHJYJBGX2
cele-005-014,AGAGGAGAAT,CGAGTTAGAG,HHJYJBGX2
cele-005-015,AACGCGCAGA,CGAGTTAGAG,HHJYJBGX2
cele-005-016,GCATATGAGC,CGAGTTAGAG,HHJYJBGX2
cele-005-017,CGTTACCGCT,CGAGTTAGAG,HHJYJBGX2
cele-005-018,ACTATTCATT,CGAGTTAGAG,HHJYJBGX2
cele-005-019,CCAGATACGG,CGAGTTAGAG,HHJYJBGX2
cele-005-020,CAGACTAAGG,CGAGTTAGAG,HHJYJBGX2
cele-005-021,CTAACTAGGT,GATGATCGTA,HHJYJBGX2
cele-005-022,GTACTCCTAT,GATGATCGTA,HHJYJBGX2
cele-005-023,CTCGTCGTAG,GATGATCGTA,HHJYJBGX2
cele-005-024,GAACTCGACT,GATGATCGTA,HHJYJBGX2
cele-005-025,GACTGGACCA,GATGATCGTA,HHJYJBGX2
cele-005-026,TTGCTTAGAT,GATGATCGTA,HHJYJBGX2
cele-005-027,AACGAATTCG,GATGATCGTA,HHJYJBGX2
cele-005-028,TCTATCGCTG,GATGATCGTA,HHJYJBGX2
cele-005-029,CATAGCGACC,CGCCGCCTCC,HHJYJBGX2
cele-005-030,GCTAACGGAT,CGCCGCCTCC,HHJYJBGX2
cele-005-031,CTAATTGCGA,CGCCGCCTCC,HHJYJBGX2
cele-005-032,CTAGCCAGCC,CGCCGCCTCC,HHJYJBGX2
cele-005-033,GCAAGACCGT,CGCCGCCTCC,HHJYJBGX2
cele-005-034,CGAATGGAGC,CGCCGCCTCC,HHJYJBGX2
cele-005-035,CGCTTATCGT,CGCCGCCTCC,HHJYJBGX2
cele-005-036,GCGCTATGGT,CGCCGCCTCC,HHJYJBGX2
cele-005-037,CCGCTAAGAG,CAAGTACTGG,HHJYJBGX2
cele-005-038,AGTTGAATCA,CAAGTACTGG,HHJYJBGX2
cele-005-039,CGCGGCCATA,CAAGTACTGG,HHJYJBGX2
cele-005-040,TGCGACCTCT,CAAGTACTGG,HHJYJBGX2
cele-005-041,TCAATCTCCT,CAAGTACTGG,HHJYJBGX2
cele-005-042,CTATATAGCC,CAAGTACTGG,HHJYJBGX2
cele-005-043,AAGTACGCGA,CAAGTACTGG,HHJYJBGX2
cele-005-044,CATTATTATT,CAAGTACTGG,HHJYJBGX2
cele-005-045,ATGGAACGAA,CGGCGAGACC,HHJYJBGX2
cele-005-046,TGATTAGGTA,CGGCGAGACC,HHJYJBGX2
cele-005-047,AATATTACTT,CGGCGAGACC,HHJYJBGX2
cele-005-048,ATTCTTAGCT,CGGCGAGACC,HHJYJBGX2
cele-005-049,ATACCTCGAC,CGGCGAGACC,HHJYJBGX2
cele-005-050,CTACTAATAA,CGGCGAGACC,HHJYJBGX2
cele-005-051,GATCTTCGCA,CGGCGAGACC,HHJYJBGX2
cele-005-052,AGCCGTAGTT,CGGCGAGACC,HHJYJBGX2
cele-005-053,GCGTTCCGTT,GACCTCCGCC,HHJYJBGX2
cele-005-054,TCGTAGCATC,GACCTCCGCC,HHJYJBGX2
cele-005-055,ATTGGCAGAT,GACCTCCGCC,HHJYJBGX2
cele-005-056,TTGATACGAT,GACCTCCGCC,HHJYJBGX2
cele-005-057,TAGAGGCGTT,GACCTCCGCC,HHJYJBGX2
cele-005-058,TGGTTGCCGT,GACCTCCGCC,HHJYJBGX2
cele-005-059,TCTTAGCCTG,GACCTCCGCC,HHJYJBGX2
cele-005-060,TGATATTGCG,GACCTCCGCC,HHJYJBGX2
cele-005-061,GGTTATCGAA,TCTAGAACTA,HHJYJBGX2
cele-005-062,TCTTGAGGTT,TCTAGAACTA,HHJYJBGX2
cele-005-063,ATGGCGCCTG,TCTAGAACTA,HHJYJBGX2
cele-005-064,TATAATAGTT,TCTAGAACTA,HHJYJBGX2
cele-005-065,TAGGTAACTT,TCTAGAACTA,HHJYJBGX2
cele-005-066,TCCTCTGCCG,TCTAGAACTA,HHJYJBGX2
cele-005-067,TTATTGAGGC,TCTAGAACTA,HHJYJBGX2
cele-005-068,ACGGCGTTAA,TCTAGAACTA,HHJYJBGX2
cele-005-069,GCATCGTATG,CTAACTCCAA,HHJYJBGX2
cele-005-070,AGGTCAGCTT,CTAACTCCAA,HHJYJBGX2
cele-005-071,ATAAGGACTC,CTAACTCCAA,HHJYJBGX2
cele-005-072,TTGCCGTAGG,CTAACTCCAA,HHJYJBGX2
cele-005-073,TTCGAATATT,CTAACTCCAA,HHJYJBGX2
cele-005-074,GATTCTTGAA,CTAACTCCAA,HHJYJBGX2
cele-005-075,TTGCGAGCAT,CTAACTCCAA,HHJYJBGX2
cele-005-076,GGCTTACTCC,CTAACTCCAA,HHJYJBGX2
cele-005-077,AATACGATAA,ACCAAGATCT,HHJYJBGX2
cele-005-078,TATTAGACTT,ACCAAGATCT,HHJYJBGX2
cele-005-079,TAGTAAGCCG,ACCAAGATCT,HHJYJBGX2
cele-005-080,AGACCATATC,ACCAAGATCT,HHJYJBGX2
cele-005-081,TGGACGACTA,ACCAAGATCT,HHJYJBGX2
cele-005-082,GTAGCAGCTA,ACCAAGATCT,HHJYJBGX2
cele-005-083,GCTTGAAGAG,ACCAAGATCT,HHJYJBGX2
cele-005-084,GCGCGTTCAT,ACCAAGATCT,HHJYJBGX2
cele-005-085,TTCCGTCGAC,CGATCATTAC,HHJYJBGX2
cele-005-086,CTCAATTAGT,CGATCATTAC,HHJYJBGX2
cele-005-087,ATTATGCAAG,CGATCATTAC,HHJYJBGX2
cele-005-088,TTGGTAAGGA,CGATCATTAC,HHJYJBGX2
cele-005-089,GTAGGCTGCA,CGATCATTAC,HHJYJBGX2
cele-005-090,CCTCAGCTCC,CGATCATTAC,HHJYJBGX2
cele-005-091,AGTCCGCTGC,CGATCATTAC,HHJYJBGX2
cele-005-092,GAGCGCGATG,CGATCATTAC,HHJYJBGX2
cele-006-001,CAGCTAGCGG,TCCGTCGCCA,HHJYJBGX2
cele-006-002,GTAGGATAAG,TCCGTCGCCA,HHJYJBGX2
cele-006-003,AAGTAGCTCA,TCCGTCGCCA,HHJYJBGX2
cele-006-004,TAAGTCCTGA,TCCGTCGCCA,HHJYJBGX2
cele-006-005,GCGGCTGCGG,GGCTATGACT,HHJYJBGX2
cele-006-006,ACCAGGCGCA,GGCTATGACT,HHJYJBGX2
cele-006-007,CCGTATGATT,GGCTATGACT,HHJYJBGX2
cele-006-008,TTGATTGGCG,GGCTATGACT,HHJYJBGX2
cele-006-009,CTAAGCCTTG,GGCTATGACT,HHJYJBGX2
cele-006-010,CGTCGAGCGC,GGCTATGACT,HHJYJBGX2
cele-006-011,TATTGCTGGA,GGCTATGACT,HHJYJBGX2
cele-006-012,AGTTCTCATG,GGCTATGACT,HHJYJBGX2
cele-006-013,AGATTACGTT,TGGACTTGAC,HHJYJBGX2
cele-006-014,AGAGGAGAAT,TGGACTTGAC,HHJYJBGX2
cele-006-015,AACGCGCAGA,TGGACTTGAC,HHJYJBGX2
cele-006-016,GCATATGAGC,TGGACTTGAC,HHJYJBGX2
cele-006-017,CGTTACCGCT,TGGACTTGAC,HHJYJBGX2
cele-006-018,ACTATTCATT,TGGACTTGAC,HHJYJBGX2
cele-006-019,CCAGATACGG,TGGACTTGAC,HHJYJBGX2
cele-006-020,CAGACTAAGG,TGGACTTGAC,HHJYJBGX2
cele-006-021,CTAACTAGGT,ACTTCCGAAT,HHJYJBGX2
cele-006-022,GTACTCCTAT,ACTTCCGAAT,HHJYJBGX2
cele-006-023,CTCGTCGTAG,ACTTCCGAAT,HHJYJBGX2
cele-006-024,GAACTCGACT,ACTTCCGAAT,HHJYJBGX2
cele-006-025,GACTGGACCA,ACTTCCGAAT,HHJYJBGX2
cele-006-026,TTGCTTAGAT,ACTTCCGAAT,HHJYJBGX2
cele-006-027,AACGAATTCG,ACTTCCGAAT,HHJYJBGX2
cele-006-028,TCTATCGCTG,ACTTCCGAAT,HHJYJBGX2
cele-006-029,CATAGCGACC,GCTCTCGCCT,HHJYJBGX2
cele-006-030,GCTAACGGAT,GCTCTCGCCT,HHJYJBGX2
cele-006-031,CTAATTGCGA,GCTCTCGCCT,HHJYJBGX2
cele-006-032,CTAGCCAGCC,GCTCTCGCCT,HHJYJBGX2
cele-006-033,GCAAGACCGT,GCTCTCGCCT,HHJYJBGX2
cele-006-034,CGAATGGAGC,GCTCTCGCCT,HHJYJBGX2
cele-006-035,CGCTTATCGT,GCTCTCGCCT,HHJYJBGX2
cele-006-036,GCGCTATGGT,GCTCTCGCCT,HHJYJBGX2
cele-006-037,CCGCTAAGAG,ACTATCTTGA,HHJYJBGX2
cele-006-038,AGTTGAATCA,ACTATCTTGA,HHJYJBGX2
cele-006-039,CGCGGCCATA,ACTATCTTGA,HHJYJBGX2
cele-006-040,TGCGACCTCT,ACTATCTTGA,HHJYJBGX2
cele-006-041,TCAATCTCCT,ACTATCTTGA,HHJYJBGX2
cele-006-042,CTATATAGCC,ACTATCTTGA,HHJYJBGX2
cele-006-043,AAGTACGCGA,ACTATCTTGA,HHJYJBGX2
cele-006-044,CATTATTATT,ACTATCTTGA,HHJYJBGX2
cele-006-045,ATGGAACGAA,AGGTCAATTA,HHJYJBGX2
cele-006-046,TGATTAGGTA,AGGTCAATTA,HHJYJBGX2
cele-006-047,AATATTACTT,AGGTCAATTA,HHJYJBGX2
cele-006-048,ATTCTTAGCT,AGGTCAATTA,HHJYJBGX2
cele-006-049,ATACCTCGAC,AGGTCAATTA,HHJYJBGX2
cele-006-050,CTACTAATAA,AGGTCAATTA,HHJYJBGX2
cele-006-051,GATCTTCGCA,AGGTCAATTA,HHJYJBGX2
cele-006-052,AGCCGTAGTT,AGGTCAATTA,HHJYJBGX2
cele-006-053,GCGTTCCGTT,AAGCCGGCTG,HHJYJBGX2
cele-006-054,TCGTAGCATC,AAGCCGGCTG,HHJYJBGX2
cele-006-055,ATTGGCAGAT,AAGCCGGCTG,HHJYJBGX2
cele-006-056,TTGATACGAT,AAGCCGGCTG,HHJYJBGX2
cele-006-057,TAGAGGCGTT,AAGCCGGCTG,HHJYJBGX2
cele-006-058,TGGTTGCCGT,AAGCCGGCTG,HHJYJBGX2
cele-006-059,TCTTAGCCTG,AAGCCGGCTG,HHJYJBGX2
cele-006-060,TGATATTGCG,AAGCCGGCTG,HHJYJBGX2
cele-006-061,GGTTATCGAA,CTCCGGTTCT,HHJYJBGX2
cele-006-062,TCTTGAGGTT,CTCCGGTTCT,HHJYJBGX2
cele-006-063,ATGGCGCCTG,CTCCGGTTCT,HHJYJBGX2
cele-006-064,TATAATAGTT,CTCCGGTTCT,HHJYJBGX2
cele-006-065,TAGGTAACTT,CTCCGGTTCT,HHJYJBGX2
cele-006-066,TCCTCTGCCG,CTCCGGTTCT,HHJYJBGX2
cele-006-067,TTATTGAGGC,CTCCGGTTCT,HHJYJBGX2
cele-006-068,ACGGCGTTAA,CTCCGGTTCT,HHJYJBGX2
cele-006-069,GCATCGTATG,CATGCATCTC,HHJYJBGX2
cele-006-070,AGGTCAGCTT,CATGCATCTC,HHJYJBGX2
cele-006-071,ATAAGGACTC,CATGCATCTC,HHJYJBGX2
cele-006-072,TTGCCGTAGG,CATGCATCTC,HHJYJBGX2
cele-006-073,TTCGAATATT,CATGCATCTC,HHJYJBGX2
cele-006-074,GATTCTTGAA,CATGCATCTC,HHJYJBGX2
cele-006-075,TTGCGAGCAT,CATGCATCTC,HHJYJBGX2
cele-006-076,GGCTTACTCC,CATGCATCTC,HHJYJBGX2
cele-006-077,AATACGATAA,TCCGGTAATC,HHJYJBGX2
cele-006-078,TATTAGACTT,TCCGGTAATC,HHJYJBGX2
cele-006-079,TAGTAAGCCG,TCCGGTAATC,HHJYJBGX2
cele-006-080,AGACCATATC,TCCGGTAATC,HHJYJBGX2
cele-006-081,TGGACGACTA,TCCGGTAATC,HHJYJBGX2
cele-006-082,GTAGCAGCTA,TCCGGTAATC,HHJYJBGX2
cele-006-083,GCTTGAAGAG,TCCGGTAATC,HHJYJBGX2
cele-006-084,GCGCGTTCAT,TCCGGTAATC,HHJYJBGX2
cele-006-085,TTCCGTCGAC,ACCGTTACGA,HHJYJBGX2
cele-006-086,CTCAATTAGT,ACCGTTACGA,HHJYJBGX2
cele-006-087,ATTATGCAAG,ACCGTTACGA,HHJYJBGX2
cele-006-088,TTGGTAAGGA,ACCGTTACGA,HHJYJBGX2
cele-006-089,GTAGGCTGCA,ACCGTTACGA,HHJYJBGX2
cele-006-090,CCTCAGCTCC,ACCGTTACGA,HHJYJBGX2
cele-006-091,AGTCCGCTGC,ACCGTTACGA,HHJYJBGX2
cele-006-092,GAGCGCGATG,ACCGTTACGA,HHJYJBGX2
cele-007-001,CAGCTAGCGG,AACCTAGCTT,HHJYJBGX2
cele-007-002,GTAGGATAAG,AACCTAGCTT,HHJYJBGX2
cele-007-003,AAGTAGCTCA,AACCTAGCTT,HHJYJBGX2
cele-007-004,TAAGTCCTGA,AACCTAGCTT,HHJYJBGX2
cele-007-005,GCGGCTGCGG,AGTCCGCGGA,HHJYJBGX2
cele-007-006,ACCAGGCGCA,AGTCCGCGGA,HHJYJBGX2
cele-007-007,CCGTATGATT,AGTCCGCGGA,HHJYJBGX2
cele-007-008,TTGATTGGCG,AGTCCGCGGA,HHJYJBGX2
cele-007-009,CTAAGCCTTG,AGTCCGCGGA,HHJYJBGX2
cele-007-010,CGTCGAGCGC,AGTCCGCGGA,HHJYJBGX2
cele-007-011,TATTGCTGGA,AGTCCGCGGA,HHJYJBGX2
cele-007-012,AGTTCTCATG,AGTCCGCGGA,HHJYJBGX2
cele-007-013,AGATTACGTT,ACTATCCGCA,HHJYJBGX2
cele-007-014,AGAGGAGAAT,ACTATCCGCA,HHJYJBGX2
cele-007-015,AACGCGCAGA,ACTATCCGCA,HHJYJBGX2
cele-007-016,GCATATGAGC,ACTATCCGCA,HHJYJBGX2
cele-007-017,CGTTACCGCT,ACTATCCGCA,HHJYJBGX2
cele-007-018,ACTATTCATT,ACTATCCGCA,HHJYJBGX2
cele-007-019,CCAGATACGG,ACTATCCGCA,HHJYJBGX2
cele-007-020,CAGACTAAGG,ACTATCCGCA,HHJYJBGX2
cele-007-021,CTAACTAGGT,CGAGCTGCCA,HHJYJBGX2
cele-007-022,GTACTCCTAT,CGAGCTGCCA,HHJYJBGX2
cele-007-023,CTCGTCGTAG,CGAGCTGCCA,HHJYJBGX2
cele-007-024,GAACTCGACT,CGAGCTGCCA,HHJYJBGX2
cele-007-025,GACTGGACCA,CGAGCTGCCA,HHJYJBGX2
cele-007-026,TTGCTTAGAT,CGAGCTGCCA,HHJYJBGX2
cele-007-027,AACGAATTCG,CGAGCTGCCA,HHJYJBGX2
cele-007-028,TCTATCGCTG,CGAGCTGCCA,HHJYJBGX2
cele-007-029,CATAGCGACC,AACTACCGAC,HHJYJBGX2
cele-007-030,GCTAACGGAT,AACTACCGAC,HHJYJBGX2
cele-007-031,CTAATTGCGA,AACTACCGAC,HHJYJBGX2
cele-007-032,CTAGCCAGCC,AACTACCGAC,HHJYJBGX2
cele-007-033,GCAAGACCGT,AACTACCGAC,HHJYJBGX2
cele-007-034,CGAATGGAGC,AACTACCGAC,HHJYJBGX2
cele-007-035,CGCTTATCGT,AACTACCGAC,HHJYJBGX2
cele-007-036,GCGCTATGGT,AACTACCGAC,HHJYJBGX2
cele-007-037,CCGCTAAGAG,CGTCCGTCCT,HHJYJBGX2
cele-007-038,AGTTGAATCA,CGTCCGTCCT,HHJYJBGX2
cele-007-039,CGCGGCCATA,CGTCCGTCCT,HHJYJBGX2
cele-007-040,TGCGACCTCT,CGTCCGTCCT,HHJYJBGX2
cele-007-041,TCAATCTCCT,CGTCCGTCCT,HHJYJBGX2
cele-007-042,CTATATAGCC,CGTCCGTCCT,HHJYJBGX2
cele-007-043,AAGTACGCGA,CGTCCGTCCT,HHJYJBGX2
cele-007-044,CATTATTATT,CGTCCGTCCT,HHJYJBGX2
cele-007-045,ATGGAACGAA,GGTCCAGGAG,HHJYJBGX2
cele-007-046,TGATTAGGTA,GGTCCAGGAG,HHJYJBGX2
cele-007-047,AATATTACTT,GGTCCAGGAG,HHJYJBGX2
cele-007-048,ATTCTTAGCT,GGTCCAGGAG,HHJYJBGX2
cele-007-049,ATACCTCGAC,GGTCCAGGAG,HHJYJBGX2
cele-007-050,CTACTAATAA,GGTCCAGGAG,HHJYJBGX2
cele-007-051,GATCTTCGCA,GGTCCAGGAG,HHJYJBGX2
cele-007-052,AGCCGTAGTT,GGTCCAGGAG,HHJYJBGX2
cele-007-053,GCGTTCCGTT,AACGAGGCTA,HHJYJBGX2
cele-007-054,TCGTAGCATC,AACGAGGCTA,HHJYJBGX2
cele-007-055,ATTGGCAGAT,AACGAGGCTA,HHJYJBGX2
cele-007-056,TTGATACGAT,AACGAGGCTA,HHJYJBGX2
cele-007-057,TAGAGGCGTT,AACGAGGCTA,HHJYJBGX2
cele-007-058,TGGTTGCCGT,AACGAGGCTA,HHJYJBGX2
cele-007-059,TCTTAGCCTG,AACGAGGCTA,HHJYJBGX2
cele-007-060,TGATATTGCG,AACGAGGCTA,HHJYJBGX2
cele-007-061,GGTTATCGAA,ACGTTCAACC,HHJYJBGX2
cele-007-062,TCTTGAGGTT,ACGTTCAACC,HHJYJBGX2
cele-007-063,ATGGCGCCTG,ACGTTCAACC,HHJYJBGX2
cele-007-064,TATAATAGTT,ACGTTCAACC,HHJYJBGX2
cele-007-065,TAGGTAACTT,ACGTTCAACC,HHJYJBGX2
cele-007-066,TCCTCTGCCG,ACGTTCAACC,HHJYJBGX2
cele-007-067,TTATTGAGGC,ACGTTCAACC,HHJYJBGX2
cele-007-068,ACGGCGTTAA,ACGTTCAACC,HHJYJBGX2
cele-007-069,GCATCGTATG,ACGAGGACCT,HHJYJBGX2
cele-007-070,AGGTCAGCTT,ACGAGGACCT,HHJYJBGX2
cele-007-071,ATAAGGACTC,ACGAGGACCT,HHJYJBGX2
cele-007-072,TTGCCGTAGG,ACGAGGACCT,HHJYJBGX2
cele-007-073,TTCGAATATT,ACGAGGACCT,HHJYJBGX2
cele-007-074,GATTCTTGAA,ACGAGGACCT,HHJYJBGX2
cele-007-075,TTGCGAGCAT,ACGAGGACCT,HHJYJBGX2
cele-007-076,GGCTTACTCC,ACGAGGACCT,HHJYJBGX2
cele-007-077,AATACGATAA,TATAACTTCC,HHJYJBGX2
cele-007-078,TATTAGACTT,TATAACTTCC,HHJYJBGX2
cele-007-079,TAGTAAGCCG,TATAACTTCC,HHJYJBGX2
cele-007-080,AGACCATATC,TATAACTTCC,HHJYJBGX2
cele-007-081,TGGACGACTA,TATAACTTCC,HHJYJBGX2
cele-007-082,GTAGCAGCTA,TATAACTTCC,HHJYJBGX2
cele-007-083,GCTTGAAGAG,TATAACTTCC,HHJYJBGX2
cele-007-084,GCGCGTTCAT,TATAACTTCC,HHJYJBGX2
cele-007-085,TTCCGTCGAC,AGGATTACCA,HHJYJBGX2
cele-007-086,CTCAATTAGT,AGGATTACCA,HHJYJBGX2
cele-007-087,ATTATGCAAG,AGGATTACCA,HHJYJBGX2
cele-007-088,TTGGTAAGGA,AGGATTACCA,HHJYJBGX2
cele-007-089,GTAGGCTGCA,AGGATTACCA,HHJYJBGX2
cele-007-090,CCTCAGCTCC,AGGATTACCA,HHJYJBGX2
cele-007-091,AGTCCGCTGC,AGGATTACCA,HHJYJBGX2
cele-007-092,GAGCGCGATG,AGGATTACCA,HHJYJBGX2
