[Header],,,,,,,,,,
Investigator Name,Jun,,,,,,,,,
Project Name,RNA-seq,,,,,,,,,
Experiment Name,RNA_seq,,,,,,,,,
Date,1/15/17,,,,,,,,,
Workflow,Generate FASTQ,,,,,,,,,
Description,Next_seq,,,,,,,,,
Chemistry,Amplicon,,,,,,,,,
[Reads],,,,,,,,,,
18,,,,,,,,,,
52,,,,,,,,,,
,,,,,,,,,,
[Settings],,,,,,,,,,
[Data],,,,,,,,,,
Sample_ID,Sample_Name,Sample_Plate,Sample_Well,Sample_Project,index,I7_Index_ID,index2,I5_index_ID,Description,GenomeFolder
cele-001-001,,,,,CAGCTAGCGG,,GACCGTAGCA,,,C:\Illumina\MiSeq Reporter\Genomes\PhiX\Illumina\RTA\Sequence\Chromosomes
cele-001-002,,,,,GTAGGATAAG,,GACCGTAGCA,,,C:\Illumina\MiSeq Reporter\Genomes\PhiX\Illumina\RTA\Sequence\Chromosomes
cele-001-003,,,,,AAGTAGCTCA,,GACCGTAGCA,,,C:\Illumina\MiSeq Reporter\Genomes\PhiX\Illumina\RTA\Sequence\Chromosomes
cele-001-004,,,,,TAAGTCCTGA,,GACCGTAGCA,,,C:\Illumina\MiSeq Reporter\Genomes\PhiX\Illumina\RTA\Sequence\Chromosomes
cele-001-005,,,,,GCGGCTGCGG,,GTCATTGCGC,,,C:\Illumina\MiSeq Reporter\Genomes\PhiX\Illumina\RTA\Sequence\Chromosomes
cele-001-006,,,,,ACCAGGCGCA,,GTCATTGCGC,,,C:\Illumina\MiSeq Reporter\Genomes\PhiX\Illumina\RTA\Sequence\Chromosomes
cele-001-007,,,,,CCGTATGATT,,GTCATTGCGC,,,C:\Illumina\MiSeq Reporter\Genomes\PhiX\Illumina\RTA\Sequence\Chromosomes
cele-001-008,,,,,TTGATTGGCG,,GTCATTGCGC,,,C:\Illumina\MiSeq Reporter\Genomes\PhiX\Illumina\RTA\Sequence\Chromosomes
cele-001-009,,,,,CTAAGCCTTG,,GTCATTGCGC,,,C:\Illumina\MiSeq Reporter\Genomes\PhiX\Illumina\RTA\Sequence\Chromosomes
cele-001-010,,,,,CGTCGAGCGC,,GTCATTGCGC,,,C:\Illumina\MiSeq Reporter\Genomes\PhiX\Illumina\RTA\Sequence\Chromosomes
cele-001-011,,,,,TATTGCTGGA,,GTCATTGCGC,,,C:\Illumina\MiSeq Reporter\Genomes\PhiX\Illumina\RTA\Sequence\Chromosomes
cele-001-012,,,,,AGTTCTCATG,,GTCATTGCGC,,,C:\Illumina\MiSeq Reporter\Genomes\PhiX\Illumina\RTA\Sequence\Chromosomes
cele-001-013,,,,,AGATTACGTT,,CAAGATTAAG,,,C:\Illumina\MiSeq Reporter\Genomes\PhiX\Illumina\RTA\Sequence\Chromosomes
cele-001-014,,,,,AGAGGAGAAT,,CAAGATTAAG,,,C:\Illumina\MiSeq Reporter\Genomes\PhiX\Illumina\RTA\Sequence\Chromosomes
cele-001-015,,,,,AACGCGCAGA,,CAAGATTAAG,,,C:\Illumina\MiSeq Reporter\Genomes\PhiX\Illumina\RTA\Sequence\Chromosomes
cele-001-016,,,,,GCATATGAGC,,CAAGATTAAG,,,C:\Illumina\MiSeq Reporter\Genomes\PhiX\Illumina\RTA\Sequence\Chromosomes
cele-001-017,,,,,CGTTACCGCT,,CAAGATTAAG,,,C:\Illumina\MiSeq Reporter\Genomes\PhiX\Illumina\RTA\Sequence\Chromosomes
cele-001-018,,,,,ACTATTCATT,,CAAGATTAAG,,,C:\Illumina\MiSeq Reporter\Genomes\PhiX\Illumina\RTA\Sequence\Chromosomes
cele-001-019,,,,,CCAGATACGG,,CAAGATTAAG,,,C:\Illumina\MiSeq Reporter\Genomes\PhiX\Illumina\RTA\Sequence\Chromosomes
cele-001-020,,,,,CAGACTAAGG,,CAAGATTAAG,,,C:\Illumina\MiSeq Reporter\Genomes\PhiX\Illumina\RTA\Sequence\Chromosomes
cele-001-021,,,,,CTAACTAGGT,,ACGCAACTCC,,,C:\Illumina\MiSeq Reporter\Genomes\PhiX\Illumina\RTA\Sequence\Chromosomes
cele-001-022,,,,,GTACTCCTAT,,ACGCAACTCC,,,C:\Illumina\MiSeq Reporter\Genomes\PhiX\Illumina\RTA\Sequence\Chromosomes
cele-001-023,,,,,CTCGTCGTAG,,ACGCAACTCC,,,C:\Illumina\MiSeq Reporter\Genomes\PhiX\Illumina\RTA\Sequence\Chromosomes
cele-001-024,,,,,GAACTCGACT,,ACGCAACTCC,,,C:\Illumina\MiSeq Reporter\Genomes\PhiX\Illumina\RTA\Sequence\Chromosomes
cele-001-025,,,,,GACTGGACCA,,ACGCAACTCC,,,C:\Illumina\MiSeq Reporter\Genomes\PhiX\Illumina\RTA\Sequence\Chromosomes
cele-001-026,,,,,TTGCTTAGAT,,ACGCAACTCC,,,C:\Illumina\MiSeq Reporter\Genomes\PhiX\Illumina\RTA\Sequence\Chromosomes
cele-001-027,,,,,AACGAATTCG,,ACGCAACTCC,,,C:\Illumina\MiSeq Reporter\Genomes\PhiX\Illumina\RTA\Sequence\Chromosomes
cele-001-028,,,,,TCTATCGCTG,,ACGCAACTCC,,,C:\Illumina\MiSeq Reporter\Genomes\PhiX\Illumina\RTA\Sequence\Chromosomes
cele-001-029,,,,,CATAGCGACC,,TGATACGAGT,,,C:\Illumina\MiSeq Reporter\Genomes\PhiX\Illumina\RTA\Sequence\Chromosomes
cele-001-030,,,,,GCTAACGGAT,,TGATACGAGT,,,C:\Illumina\MiSeq Reporter\Genomes\PhiX\Illumina\RTA\Sequence\Chromosomes
cele-001-031,,,,,CTAATTGCGA,,TGATACGAGT,,,C:\Illumina\MiSeq Reporter\Genomes\PhiX\Illumina\RTA\Sequence\Chromosomes
cele-001-032,,,,,CTAGCCAGCC,,TGATACGAGT,,,C:\Illumina\MiSeq Reporter\Genomes\PhiX\Illumina\RTA\Sequence\Chromosomes
cele-001-033,,,,,GCAAGACCGT,,TGATACGAGT,,,C:\Illumina\MiSeq Reporter\Genomes\PhiX\Illumina\RTA\Sequence\Chromosomes
cele-001-034,,,,,CGAATGGAGC,,TGATACGAGT,,,C:\Illumina\MiSeq Reporter\Genomes\PhiX\Illumina\RTA\Sequence\Chromosomes
cele-001-035,,,,,CGCTTATCGT,,TGATACGAGT,,,C:\Illumina\MiSeq Reporter\Genomes\PhiX\Illumina\RTA\Sequence\Chromosomes
cele-001-036,,,,,GCGCTATGGT,,TGATACGAGT,,,C:\Illumina\MiSeq Reporter\Genomes\PhiX\Illumina\RTA\Sequence\Chromosomes
cele-001-037,,,,,CCGCTAAGAG,,CATTATTACC,,,C:\Illumina\MiSeq Reporter\Genomes\PhiX\Illumina\RTA\Sequence\Chromosomes
cele-001-038,,,,,AGTTGAATCA,,CATTATTACC,,,C:\Illumina\MiSeq Reporter\Genomes\PhiX\Illumina\RTA\Sequence\Chromosomes
cele-001-039,,,,,CGCGGCCATA,,CATTATTACC,,,C:\Illumina\MiSeq Reporter\Genomes\PhiX\Illumina\RTA\Sequence\Chromosomes
cele-001-040,,,,,TGCGACCTCT,,CATTATTACC,,,C:\Illumina\MiSeq Reporter\Genomes\PhiX\Illumina\RTA\Sequence\Chromosomes
cele-001-041,,,,,TCAATCTCCT,,CATTATTACC,,,C:\Illumina\MiSeq Reporter\Genomes\PhiX\Illumina\RTA\Sequence\Chromosomes
cele-001-042,,,,,CTATATAGCC,,CATTATTACC,,,C:\Illumina\MiSeq Reporter\Genomes\PhiX\Illumina\RTA\Sequence\Chromosomes
cele-001-043,,,,,AAGTACGCGA,,CATTATTACC,,,C:\Illumina\MiSeq Reporter\Genomes\PhiX\Illumina\RTA\Sequence\Chromosomes
cele-001-044,,,,,CATTATTATT,,CATTATTACC,,,C:\Illumina\MiSeq Reporter\Genomes\PhiX\Illumina\RTA\Sequence\Chromosomes
cele-001-045,,,,,ATGGAACGAA,,TCTATAAGGA,,,C:\Illumina\MiSeq Reporter\Genomes\PhiX\Illumina\RTA\Sequence\Chromosomes
cele-001-046,,,,,TGATTAGGTA,,TCTATAAGGA,,,C:\Illumina\MiSeq Reporter\Genomes\PhiX\Illumina\RTA\Sequence\Chromosomes
cele-001-047,,,,,AATATTACTT,,TCTATAAGGA,,,C:\Illumina\MiSeq Reporter\Genomes\PhiX\Illumina\RTA\Sequence\Chromosomes
cele-001-048,,,,,ATTCTTAGCT,,TCTATAAGGA,,,C:\Illumina\MiSeq Reporter\Genomes\PhiX\Illumina\RTA\Sequence\Chromosomes
cele-001-049,,,,,ATACCTCGAC,,TCTATAAGGA,,,C:\Illumina\MiSeq Reporter\Genomes\PhiX\Illumina\RTA\Sequence\Chromosomes
cele-001-050,,,,,CTACTAATAA,,TCTATAAGGA,,,C:\Illumina\MiSeq Reporter\Genomes\PhiX\Illumina\RTA\Sequence\Chromosomes
cele-001-051,,,,,GATCTTCGCA,,TCTATAAGGA,,,C:\Illumina\MiSeq Reporter\Genomes\PhiX\Illumina\RTA\Sequence\Chromosomes
cele-001-052,,,,,AGCCGTAGTT,,TCTATAAGGA,,,C:\Illumina\MiSeq Reporter\Genomes\PhiX\Illumina\RTA\Sequence\Chromosomes
cele-001-053,,,,,GCGTTCCGTT,,TTGGAGTCGG,,,C:\Illumina\MiSeq Reporter\Genomes\PhiX\Illumina\RTA\Sequence\Chromosomes
cele-001-054,,,,,TCGTAGCATC,,TTGGAGTCGG,,,C:\Illumina\MiSeq Reporter\Genomes\PhiX\Illumina\RTA\Sequence\Chromosomes
cele-001-055,,,,,ATTGGCAGAT,,TTGGAGTCGG,,,C:\Illumina\MiSeq Reporter\Genomes\PhiX\Illumina\RTA\Sequence\Chromosomes
cele-001-056,,,,,TTGATACGAT,,TTGGAGTCGG,,,C:\Illumina\MiSeq Reporter\Genomes\PhiX\Illumina\RTA\Sequence\Chromosomes
cele-001-057,,,,,TAGAGGCGTT,,TTGGAGTCGG,,,C:\Illumina\MiSeq Reporter\Genomes\PhiX\Illumina\RTA\Sequence\Chromosomes
cele-001-058,,,,,TGGTTGCCGT,,TTGGAGTCGG,,,C:\Illumina\MiSeq Reporter\Genomes\PhiX\Illumina\RTA\Sequence\Chromosomes
cele-001-059,,,,,TCTTAGCCTG,,TTGGAGTCGG,,,C:\Illumina\MiSeq Reporter\Genomes\PhiX\Illumina\RTA\Sequence\Chromosomes
cele-001-060,,,,,TGATATTGCG,,TTGGAGTCGG,,,C:\Illumina\MiSeq Reporter\Genomes\PhiX\Illumina\RTA\Sequence\Chromosomes
cele-001-061,,,,,GGTTATCGAA,,CAAGCTTGGC,,,C:\Illumina\MiSeq Reporter\Genomes\PhiX\Illumina\RTA\Sequence\Chromosomes
cele-001-062,,,,,TCTTGAGGTT,,CAAGCTTGGC,,,C:\Illumina\MiSeq Reporter\Genomes\PhiX\Illumina\RTA\Sequence\Chromosomes
cele-001-063,,,,,ATGGCGCCTG,,CAAGCTTGGC,,,C:\Illumina\MiSeq Reporter\Genomes\PhiX\Illumina\RTA\Sequence\Chromosomes
cele-001-064,,,,,TATAATAGTT,,CAAGCTTGGC,,,C:\Illumina\MiSeq Reporter\Genomes\PhiX\Illumina\RTA\Sequence\Chromosomes
cele-001-065,,,,,TAGGTAACTT,,CAAGCTTGGC,,,C:\Illumina\MiSeq Reporter\Genomes\PhiX\Illumina\RTA\Sequence\Chromosomes
cele-001-066,,,,,TCCTCTGCCG,,CAAGCTTGGC,,,C:\Illumina\MiSeq Reporter\Genomes\PhiX\Illumina\RTA\Sequence\Chromosomes
cele-001-067,,,,,TTATTGAGGC,,CAAGCTTGGC,,,C:\Illumina\MiSeq Reporter\Genomes\PhiX\Illumina\RTA\Sequence\Chromosomes
cele-001-068,,,,,ACGGCGTTAA,,CAAGCTTGGC,,,C:\Illumina\MiSeq Reporter\Genomes\PhiX\Illumina\RTA\Sequence\Chromosomes
cele-001-069,,,,,GCATCGTATG,,ATAGGATATG,,,C:\Illumina\MiSeq Reporter\Genomes\PhiX\Illumina\RTA\Sequence\Chromosomes
cele-001-070,,,,,AGGTCAGCTT,,ATAGGATATG,,,C:\Illumina\MiSeq Reporter\Genomes\PhiX\Illumina\RTA\Sequence\Chromosomes
cele-001-071,,,,,ATAAGGACTC,,ATAGGATATG,,,C:\Illumina\MiSeq Reporter\Genomes\PhiX\Illumina\RTA\Sequence\Chromosomes
cele-001-072,,,,,TTGCCGTAGG,,ATAGGATATG,,,C:\Illumina\MiSeq Reporter\Genomes\PhiX\Illumina\RTA\Sequence\Chromosomes
cele-001-073,,,,,TTCGAATATT,,ATAGGATATG,,,C:\Illumina\MiSeq Reporter\Genomes\PhiX\Illumina\RTA\Sequence\Chromosomes
cele-001-074,,,,,GATTCTTGAA,,ATAGGATATG,,,C:\Illumina\MiSeq Reporter\Genomes\PhiX\Illumina\RTA\Sequence\Chromosomes
cele-001-075,,,,,TTGCGAGCAT,,ATAGGATATG,,,C:\Illumina\MiSeq Reporter\Genomes\PhiX\Illumina\RTA\Sequence\Chromosomes
cele-001-076,,,,,GGCTTACTCC,,ATAGGATATG,,,C:\Illumina\MiSeq Reporter\Genomes\PhiX\Illumina\RTA\Sequence\Chromosomes
cele-001-077,,,,,AATACGATAA,,TGGCGTAGGT,,,C:\Illumina\MiSeq Reporter\Genomes\PhiX\Illumina\RTA\Sequence\Chromosomes
cele-001-078,,,,,TATTAGACTT,,TGGCGTAGGT,,,C:\Illumina\MiSeq Reporter\Genomes\PhiX\Illumina\RTA\Sequence\Chromosomes
cele-001-079,,,,,TAGTAAGCCG,,TGGCGTAGGT,,,C:\Illumina\MiSeq Reporter\Genomes\PhiX\Illumina\RTA\Sequence\Chromosomes
cele-001-080,,,,,AGACCATATC,,TGGCGTAGGT,,,C:\Illumina\MiSeq Reporter\Genomes\PhiX\Illumina\RTA\Sequence\Chromosomes
cele-001-081,,,,,TGGACGACTA,,TGGCGTAGGT,,,C:\Illumina\MiSeq Reporter\Genomes\PhiX\Illumina\RTA\Sequence\Chromosomes
cele-001-082,,,,,GTAGCAGCTA,,TGGCGTAGGT,,,C:\Illumina\MiSeq Reporter\Genomes\PhiX\Illumina\RTA\Sequence\Chromosomes
cele-001-083,,,,,GCTTGAAGAG,,TGGCGTAGGT,,,C:\Illumina\MiSeq Reporter\Genomes\PhiX\Illumina\RTA\Sequence\Chromosomes
cele-001-084,,,,,GCGCGTTCAT,,TGGCGTAGGT,,,C:\Illumina\MiSeq Reporter\Genomes\PhiX\Illumina\RTA\Sequence\Chromosomes
cele-001-085,,,,,TTCCGTCGAC,,ACTGAATTCC,,,C:\Illumina\MiSeq Reporter\Genomes\PhiX\Illumina\RTA\Sequence\Chromosomes
cele-001-086,,,,,CTCAATTAGT,,ACTGAATTCC,,,C:\Illumina\MiSeq Reporter\Genomes\PhiX\Illumina\RTA\Sequence\Chromosomes
cele-001-087,,,,,ATTATGCAAG,,ACTGAATTCC,,,C:\Illumina\MiSeq Reporter\Genomes\PhiX\Illumina\RTA\Sequence\Chromosomes
cele-001-088,,,,,TTGGTAAGGA,,ACTGAATTCC,,,C:\Illumina\MiSeq Reporter\Genomes\PhiX\Illumina\RTA\Sequence\Chromosomes
cele-001-089,,,,,GTAGGCTGCA,,ACTGAATTCC,,,C:\Illumina\MiSeq Reporter\Genomes\PhiX\Illumina\RTA\Sequence\Chromosomes
cele-001-090,,,,,CCTCAGCTCC,,ACTGAATTCC,,,C:\Illumina\MiSeq Reporter\Genomes\PhiX\Illumina\RTA\Sequence\Chromosomes
cele-001-091,,,,,AGTCCGCTGC,,ACTGAATTCC,,,C:\Illumina\MiSeq Reporter\Genomes\PhiX\Illumina\RTA\Sequence\Chromosomes
cele-001-092,,,,,GAGCGCGATG,,ACTGAATTCC,,,C:\Illumina\MiSeq Reporter\Genomes\PhiX\Illumina\RTA\Sequence\Chromosomes
cele-002-001,,,,,CAGCTAGCGG,,AACTACCGAC,,,C:\Illumina\MiSeq Reporter\Genomes\PhiX\Illumina\RTA\Sequence\Chromosomes
cele-002-002,,,,,GTAGGATAAG,,AACTACCGAC,,,C:\Illumina\MiSeq Reporter\Genomes\PhiX\Illumina\RTA\Sequence\Chromosomes
cele-002-003,,,,,AAGTAGCTCA,,AACTACCGAC,,,C:\Illumina\MiSeq Reporter\Genomes\PhiX\Illumina\RTA\Sequence\Chromosomes
cele-002-004,,,,,TAAGTCCTGA,,AACTACCGAC,,,C:\Illumina\MiSeq Reporter\Genomes\PhiX\Illumina\RTA\Sequence\Chromosomes
cele-002-005,,,,,GCGGCTGCGG,,CGTCCGTCCT,,,C:\Illumina\MiSeq Reporter\Genomes\PhiX\Illumina\RTA\Sequence\Chromosomes
cele-002-006,,,,,ACCAGGCGCA,,CGTCCGTCCT,,,C:\Illumina\MiSeq Reporter\Genomes\PhiX\Illumina\RTA\Sequence\Chromosomes
cele-002-007,,,,,CCGTATGATT,,CGTCCGTCCT,,,C:\Illumina\MiSeq Reporter\Genomes\PhiX\Illumina\RTA\Sequence\Chromosomes
cele-002-008,,,,,TTGATTGGCG,,CGTCCGTCCT,,,C:\Illumina\MiSeq Reporter\Genomes\PhiX\Illumina\RTA\Sequence\Chromosomes
cele-002-009,,,,,CTAAGCCTTG,,CGTCCGTCCT,,,C:\Illumina\MiSeq Reporter\Genomes\PhiX\Illumina\RTA\Sequence\Chromosomes
cele-002-010,,,,,CGTCGAGCGC,,CGTCCGTCCT,,,C:\Illumina\MiSeq Reporter\Genomes\PhiX\Illumina\RTA\Sequence\Chromosomes
cele-002-011,,,,,TATTGCTGGA,,CGTCCGTCCT,,,C:\Illumina\MiSeq Reporter\Genomes\PhiX\Illumina\RTA\Sequence\Chromosomes
cele-002-012,,,,,AGTTCTCATG,,CGTCCGTCCT,,,C:\Illumina\MiSeq Reporter\Genomes\PhiX\Illumina\RTA\Sequence\Chromosomes
cele-002-013,,,,,AGATTACGTT,,GGTCCAGGAG,,,C:\Illumina\MiSeq Reporter\Genomes\PhiX\Illumina\RTA\Sequence\Chromosomes
cele-002-014,,,,,AGAGGAGAAT,,GGTCCAGGAG,,,C:\Illumina\MiSeq Reporter\Genomes\PhiX\Illumina\RTA\Sequence\Chromosomes
cele-002-015,,,,,AACGCGCAGA,,GGTCCAGGAG,,,C:\Illumina\MiSeq Reporter\Genomes\PhiX\Illumina\RTA\Sequence\Chromosomes
cele-002-016,,,,,GCATATGAGC,,GGTCCAGGAG,,,C:\Illumina\MiSeq Reporter\Genomes\PhiX\Illumina\RTA\Sequence\Chromosomes
cele-002-017,,,,,CGTTACCGCT,,GGTCCAGGAG,,,C:\Illumina\MiSeq Reporter\Genomes\PhiX\Illumina\RTA\Sequence\Chromosomes
cele-002-018,,,,,ACTATTCATT,,GGTCCAGGAG,,,C:\Illumina\MiSeq Reporter\Genomes\PhiX\Illumina\RTA\Sequence\Chromosomes
cele-002-019,,,,,CCAGATACGG,,GGTCCAGGAG,,,C:\Illumina\MiSeq Reporter\Genomes\PhiX\Illumina\RTA\Sequence\Chromosomes
cele-002-020,,,,,CAGACTAAGG,,GGTCCAGGAG,,,C:\Illumina\MiSeq Reporter\Genomes\PhiX\Illumina\RTA\Sequence\Chromosomes
cele-002-021,,,,,CTAACTAGGT,,AACGAGGCTA,,,C:\Illumina\MiSeq Reporter\Genomes\PhiX\Illumina\RTA\Sequence\Chromosomes
cele-002-022,,,,,GTACTCCTAT,,AACGAGGCTA,,,C:\Illumina\MiSeq Reporter\Genomes\PhiX\Illumina\RTA\Sequence\Chromosomes
cele-002-023,,,,,CTCGTCGTAG,,AACGAGGCTA,,,C:\Illumina\MiSeq Reporter\Genomes\PhiX\Illumina\RTA\Sequence\Chromosomes
cele-002-024,,,,,GAACTCGACT,,AACGAGGCTA,,,C:\Illumina\MiSeq Reporter\Genomes\PhiX\Illumina\RTA\Sequence\Chromosomes
cele-002-025,,,,,GACTGGACCA,,AACGAGGCTA,,,C:\Illumina\MiSeq Reporter\Genomes\PhiX\Illumina\RTA\Sequence\Chromosomes
cele-002-026,,,,,TTGCTTAGAT,,AACGAGGCTA,,,C:\Illumina\MiSeq Reporter\Genomes\PhiX\Illumina\RTA\Sequence\Chromosomes
cele-002-027,,,,,AACGAATTCG,,AACGAGGCTA,,,C:\Illumina\MiSeq Reporter\Genomes\PhiX\Illumina\RTA\Sequence\Chromosomes
cele-002-028,,,,,TCTATCGCTG,,AACGAGGCTA,,,C:\Illumina\MiSeq Reporter\Genomes\PhiX\Illumina\RTA\Sequence\Chromosomes
cele-002-029,,,,,CATAGCGACC,,ACGTTCAACC,,,C:\Illumina\MiSeq Reporter\Genomes\PhiX\Illumina\RTA\Sequence\Chromosomes
cele-002-030,,,,,GCTAACGGAT,,ACGTTCAACC,,,C:\Illumina\MiSeq Reporter\Genomes\PhiX\Illumina\RTA\Sequence\Chromosomes
cele-002-031,,,,,CTAATTGCGA,,ACGTTCAACC,,,C:\Illumina\MiSeq Reporter\Genomes\PhiX\Illumina\RTA\Sequence\Chromosomes
cele-002-032,,,,,CTAGCCAGCC,,ACGTTCAACC,,,C:\Illumina\MiSeq Reporter\Genomes\PhiX\Illumina\RTA\Sequence\Chromosomes
cele-002-033,,,,,GCAAGACCGT,,ACGTTCAACC,,,C:\Illumina\MiSeq Reporter\Genomes\PhiX\Illumina\RTA\Sequence\Chromosomes
cele-002-034,,,,,CGAATGGAGC,,ACGTTCAACC,,,C:\Illumina\MiSeq Reporter\Genomes\PhiX\Illumina\RTA\Sequence\Chromosomes
cele-002-035,,,,,CGCTTATCGT,,ACGTTCAACC,,,C:\Illumina\MiSeq Reporter\Genomes\PhiX\Illumina\RTA\Sequence\Chromosomes
cele-002-036,,,,,GCGCTATGGT,,ACGTTCAACC,,,C:\Illumina\MiSeq Reporter\Genomes\PhiX\Illumina\RTA\Sequence\Chromosomes
cele-002-037,,,,,CCGCTAAGAG,,ACGAGGACCT,,,C:\Illumina\MiSeq Reporter\Genomes\PhiX\Illumina\RTA\Sequence\Chromosomes
cele-002-038,,,,,AGTTGAATCA,,ACGAGGACCT,,,C:\Illumina\MiSeq Reporter\Genomes\PhiX\Illumina\RTA\Sequence\Chromosomes
cele-002-039,,,,,CGCGGCCATA,,ACGAGGACCT,,,C:\Illumina\MiSeq Reporter\Genomes\PhiX\Illumina\RTA\Sequence\Chromosomes
cele-002-040,,,,,TGCGACCTCT,,ACGAGGACCT,,,C:\Illumina\MiSeq Reporter\Genomes\PhiX\Illumina\RTA\Sequence\Chromosomes
cele-002-041,,,,,TCAATCTCCT,,ACGAGGACCT,,,C:\Illumina\MiSeq Reporter\Genomes\PhiX\Illumina\RTA\Sequence\Chromosomes
cele-002-042,,,,,CTATATAGCC,,ACGAGGACCT,,,C:\Illumina\MiSeq Reporter\Genomes\PhiX\Illumina\RTA\Sequence\Chromosomes
cele-002-043,,,,,AAGTACGCGA,,ACGAGGACCT,,,C:\Illumina\MiSeq Reporter\Genomes\PhiX\Illumina\RTA\Sequence\Chromosomes
cele-002-044,,,,,CATTATTATT,,ACGAGGACCT,,,C:\Illumina\MiSeq Reporter\Genomes\PhiX\Illumina\RTA\Sequence\Chromosomes
cele-002-045,,,,,ATGGAACGAA,,TATAACTTCC,,,C:\Illumina\MiSeq Reporter\Genomes\PhiX\Illumina\RTA\Sequence\Chromosomes
cele-002-046,,,,,TGATTAGGTA,,TATAACTTCC,,,C:\Illumina\MiSeq Reporter\Genomes\PhiX\Illumina\RTA\Sequence\Chromosomes
cele-002-047,,,,,AATATTACTT,,TATAACTTCC,,,C:\Illumina\MiSeq Reporter\Genomes\PhiX\Illumina\RTA\Sequence\Chromosomes
cele-002-048,,,,,ATTCTTAGCT,,TATAACTTCC,,,C:\Illumina\MiSeq Reporter\Genomes\PhiX\Illumina\RTA\Sequence\Chromosomes
cele-002-049,,,,,ATACCTCGAC,,TATAACTTCC,,,C:\Illumina\MiSeq Reporter\Genomes\PhiX\Illumina\RTA\Sequence\Chromosomes
cele-002-050,,,,,CTACTAATAA,,TATAACTTCC,,,C:\Illumina\MiSeq Reporter\Genomes\PhiX\Illumina\RTA\Sequence\Chromosomes
cele-002-051,,,,,GATCTTCGCA,,TATAACTTCC,,,C:\Illumina\MiSeq Reporter\Genomes\PhiX\Illumina\RTA\Sequence\Chromosomes
cele-002-052,,,,,AGCCGTAGTT,,TATAACTTCC,,,C:\Illumina\MiSeq Reporter\Genomes\PhiX\Illumina\RTA\Sequence\Chromosomes
cele-002-053,,,,,GCGTTCCGTT,,AGGATTACCA,,,C:\Illumina\MiSeq Reporter\Genomes\PhiX\Illumina\RTA\Sequence\Chromosomes
cele-002-054,,,,,TCGTAGCATC,,AGGATTACCA,,,C:\Illumina\MiSeq Reporter\Genomes\PhiX\Illumina\RTA\Sequence\Chromosomes
cele-002-055,,,,,ATTGGCAGAT,,AGGATTACCA,,,C:\Illumina\MiSeq Reporter\Genomes\PhiX\Illumina\RTA\Sequence\Chromosomes
cele-002-056,,,,,TTGATACGAT,,AGGATTACCA,,,C:\Illumina\MiSeq Reporter\Genomes\PhiX\Illumina\RTA\Sequence\Chromosomes
cele-002-057,,,,,TAGAGGCGTT,,AGGATTACCA,,,C:\Illumina\MiSeq Reporter\Genomes\PhiX\Illumina\RTA\Sequence\Chromosomes
cele-002-058,,,,,TGGTTGCCGT,,AGGATTACCA,,,C:\Illumina\MiSeq Reporter\Genomes\PhiX\Illumina\RTA\Sequence\Chromosomes
cele-002-059,,,,,TCTTAGCCTG,,AGGATTACCA,,,C:\Illumina\MiSeq Reporter\Genomes\PhiX\Illumina\RTA\Sequence\Chromosomes
cele-002-060,,,,,TGATATTGCG,,AGGATTACCA,,,C:\Illumina\MiSeq Reporter\Genomes\PhiX\Illumina\RTA\Sequence\Chromosomes
cele-002-061,,,,,GGTTATCGAA,,AACCTAGCTT,,,C:\Illumina\MiSeq Reporter\Genomes\PhiX\Illumina\RTA\Sequence\Chromosomes
cele-002-062,,,,,TCTTGAGGTT,,AACCTAGCTT,,,C:\Illumina\MiSeq Reporter\Genomes\PhiX\Illumina\RTA\Sequence\Chromosomes
cele-002-063,,,,,ATGGCGCCTG,,AACCTAGCTT,,,C:\Illumina\MiSeq Reporter\Genomes\PhiX\Illumina\RTA\Sequence\Chromosomes
cele-002-064,,,,,TATAATAGTT,,AACCTAGCTT,,,C:\Illumina\MiSeq Reporter\Genomes\PhiX\Illumina\RTA\Sequence\Chromosomes
cele-002-065,,,,,TAGGTAACTT,,AACCTAGCTT,,,C:\Illumina\MiSeq Reporter\Genomes\PhiX\Illumina\RTA\Sequence\Chromosomes
cele-002-066,,,,,TCCTCTGCCG,,AACCTAGCTT,,,C:\Illumina\MiSeq Reporter\Genomes\PhiX\Illumina\RTA\Sequence\Chromosomes
cele-002-067,,,,,TTATTGAGGC,,AACCTAGCTT,,,C:\Illumina\MiSeq Reporter\Genomes\PhiX\Illumina\RTA\Sequence\Chromosomes
cele-002-068,,,,,ACGGCGTTAA,,AACCTAGCTT,,,C:\Illumina\MiSeq Reporter\Genomes\PhiX\Illumina\RTA\Sequence\Chromosomes
cele-002-069,,,,,GCATCGTATG,,AGTCCGCGGA,,,C:\Illumina\MiSeq Reporter\Genomes\PhiX\Illumina\RTA\Sequence\Chromosomes
cele-002-070,,,,,AGGTCAGCTT,,AGTCCGCGGA,,,C:\Illumina\MiSeq Reporter\Genomes\PhiX\Illumina\RTA\Sequence\Chromosomes
cele-002-071,,,,,ATAAGGACTC,,AGTCCGCGGA,,,C:\Illumina\MiSeq Reporter\Genomes\PhiX\Illumina\RTA\Sequence\Chromosomes
cele-002-072,,,,,TTGCCGTAGG,,AGTCCGCGGA,,,C:\Illumina\MiSeq Reporter\Genomes\PhiX\Illumina\RTA\Sequence\Chromosomes
cele-002-073,,,,,TTCGAATATT,,AGTCCGCGGA,,,C:\Illumina\MiSeq Reporter\Genomes\PhiX\Illumina\RTA\Sequence\Chromosomes
cele-002-074,,,,,GATTCTTGAA,,AGTCCGCGGA,,,C:\Illumina\MiSeq Reporter\Genomes\PhiX\Illumina\RTA\Sequence\Chromosomes
cele-002-075,,,,,TTGCGAGCAT,,AGTCCGCGGA,,,C:\Illumina\MiSeq Reporter\Genomes\PhiX\Illumina\RTA\Sequence\Chromosomes
cele-002-076,,,,,GGCTTACTCC,,AGTCCGCGGA,,,C:\Illumina\MiSeq Reporter\Genomes\PhiX\Illumina\RTA\Sequence\Chromosomes
cele-002-077,,,,,AATACGATAA,,ACTATCCGCA,,,C:\Illumina\MiSeq Reporter\Genomes\PhiX\Illumina\RTA\Sequence\Chromosomes
cele-002-078,,,,,TATTAGACTT,,ACTATCCGCA,,,C:\Illumina\MiSeq Reporter\Genomes\PhiX\Illumina\RTA\Sequence\Chromosomes
cele-002-079,,,,,TAGTAAGCCG,,ACTATCCGCA,,,C:\Illumina\MiSeq Reporter\Genomes\PhiX\Illumina\RTA\Sequence\Chromosomes
cele-002-080,,,,,AGACCATATC,,ACTATCCGCA,,,C:\Illumina\MiSeq Reporter\Genomes\PhiX\Illumina\RTA\Sequence\Chromosomes
cele-002-081,,,,,TGGACGACTA,,ACTATCCGCA,,,C:\Illumina\MiSeq Reporter\Genomes\PhiX\Illumina\RTA\Sequence\Chromosomes
cele-002-082,,,,,GTAGCAGCTA,,ACTATCCGCA,,,C:\Illumina\MiSeq Reporter\Genomes\PhiX\Illumina\RTA\Sequence\Chromosomes
cele-002-083,,,,,GCTTGAAGAG,,ACTATCCGCA,,,C:\Illumina\MiSeq Reporter\Genomes\PhiX\Illumina\RTA\Sequence\Chromosomes
cele-002-084,,,,,GCGCGTTCAT,,ACTATCCGCA,,,C:\Illumina\MiSeq Reporter\Genomes\PhiX\Illumina\RTA\Sequence\Chromosomes
cele-002-085,,,,,TTCCGTCGAC,,CGAGCTGCCA,,,C:\Illumina\MiSeq Reporter\Genomes\PhiX\Illumina\RTA\Sequence\Chromosomes
cele-002-086,,,,,CTCAATTAGT,,CGAGCTGCCA,,,C:\Illumina\MiSeq Reporter\Genomes\PhiX\Illumina\RTA\Sequence\Chromosomes
cele-002-087,,,,,ATTATGCAAG,,CGAGCTGCCA,,,C:\Illumina\MiSeq Reporter\Genomes\PhiX\Illumina\RTA\Sequence\Chromosomes
cele-002-088,,,,,TTGGTAAGGA,,CGAGCTGCCA,,,C:\Illumina\MiSeq Reporter\Genomes\PhiX\Illumina\RTA\Sequence\Chromosomes
cele-002-089,,,,,GTAGGCTGCA,,CGAGCTGCCA,,,C:\Illumina\MiSeq Reporter\Genomes\PhiX\Illumina\RTA\Sequence\Chromosomes
cele-002-090,,,,,CCTCAGCTCC,,CGAGCTGCCA,,,C:\Illumina\MiSeq Reporter\Genomes\PhiX\Illumina\RTA\Sequence\Chromosomes
cele-002-091,,,,,AGTCCGCTGC,,CGAGCTGCCA,,,C:\Illumina\MiSeq Reporter\Genomes\PhiX\Illumina\RTA\Sequence\Chromosomes
cele-002-092,,,,,GAGCGCGATG,,CGAGCTGCCA,,,C:\Illumina\MiSeq Reporter\Genomes\PhiX\Illumina\RTA\Sequence\Chromosomes
293Tcele-001-001,,,,,TCGGATTCGG,,GACCGTAGCA,,,C:\Illumina\MiSeq Reporter\Genomes\PhiX\Illumina\RTA\Sequence\Chromosomes
293Tcele-001-002,,,,,TCCGGCTTAT,,GACCGTAGCA,,,C:\Illumina\MiSeq Reporter\Genomes\PhiX\Illumina\RTA\Sequence\Chromosomes
293Tcele-001-003,,,,,TCGCCGCCGG,,GACCGTAGCA,,,C:\Illumina\MiSeq Reporter\Genomes\PhiX\Illumina\RTA\Sequence\Chromosomes
293Tcele-001-004,,,,,TTGGCAAGCC,,GACCGTAGCA,,,C:\Illumina\MiSeq Reporter\Genomes\PhiX\Illumina\RTA\Sequence\Chromosomes
293Tcele-002-001,,,,,TCGGATTCGG,,AACTACCGAC,,,C:\Illumina\MiSeq Reporter\Genomes\PhiX\Illumina\RTA\Sequence\Chromosomes
293Tcele-002-002,,,,,TCCGGCTTAT,,AACTACCGAC,,,C:\Illumina\MiSeq Reporter\Genomes\PhiX\Illumina\RTA\Sequence\Chromosomes
293Tcele-002-003,,,,,TCGCCGCCGG,,AACTACCGAC,,,C:\Illumina\MiSeq Reporter\Genomes\PhiX\Illumina\RTA\Sequence\Chromosomes
293Tcele-002-004,,,,,TTGGCAAGCC,,AACTACCGAC,,,C:\Illumina\MiSeq Reporter\Genomes\PhiX\Illumina\RTA\Sequence\Chromosomes
293Tcele-003-001,,,,,TCGGATTCGG,,GCTCTCGCCT,,,C:\Illumina\MiSeq Reporter\Genomes\PhiX\Illumina\RTA\Sequence\Chromosomes
293Tcele-003-002,,,,,TCCGGCTTAT,,GCTCTCGCCT,,,C:\Illumina\MiSeq Reporter\Genomes\PhiX\Illumina\RTA\Sequence\Chromosomes
293Tcele-003-003,,,,,TCGCCGCCGG,,GCTCTCGCCT,,,C:\Illumina\MiSeq Reporter\Genomes\PhiX\Illumina\RTA\Sequence\Chromosomes
293Tcele-003-004,,,,,TTGGCAAGCC,,GCTCTCGCCT,,,C:\Illumina\MiSeq Reporter\Genomes\PhiX\Illumina\RTA\Sequence\Chromosomes
